font_size,is_bold,is_italic,alignment,indent_left,indent_first_line,space_before,space_after,line_spacing,is_all_caps,starts_with_number,word_count,position_ratio_in_doc,style_name_hash,has_image,is_table_element,label
11.0,0,0,0,0.0,0.0,0.0,0.0,1.0,0,0,5,0.0,4,0,0,4
13.0,0,1,1,0.0,0.0,0.0,0.0,1.0,0,0,2,0.0087,0,0,0,4
11.0,0,0,0,0.0,0.0,0.0,0.0,1.0,0,0,6,0.0174,1,0,0,2
11.0,0,0,0,0.0,0.0,0.0,0.0,1.0,0,1,3,0.0261,2,0,0,9
12.0,0,0,3,0.0,0.0,0.0,0.0,1.0,0,0,82,0.0348,0,0,0,4
12.0,0,0,3,0.0,0.0,0.0,0.0,1.0,0,0,38,0.0435,0,0,0,4
12.0,0,0,3,0.0,0.0,0.0,0.0,1.0,0,0,47,0.0522,0,0,0,4
11.0,0,0,0,0.0,0.0,0.0,0.0,1.0,0,1,5,0.0609,6,0,0,9
11.0,0,0,0,0.0,0.0,0.0,0.0,1.0,0,1,6,0.0696,6,0,0,9
11.0,0,0,0,0.0,0.0,0.0,0.0,1.0,0,1,5,0.0783,6,0,0,9
11.0,0,0,0,0.0,0.0,0.0,0.0,1.0,0,1,7,0.087,6,0,0,9
11.0,0,0,0,0.0,0.0,0.0,0.0,1.0,0,1,6,0.0957,6,0,0,9
11.0,0,0,0,0.0,0.0,0.0,0.0,1.0,0,1,8,0.1043,6,0,0,4
11.0,0,0,0,0.0,0.0,0.0,0.0,1.0,0,1,3,0.113,2,0,0,9
12.0,0,0,3,0.0,0.0,0.0,0.0,1.0,0,0,31,0.1217,0,0,0,4
12.0,0,0,3,0.0,0.0,0.0,0.0,1.0,0,0,60,0.1304,0,0,0,4
12.0,0,0,3,0.0,0.0,0.0,0.0,1.0,0,0,78,0.1391,0,0,0,4
12.0,0,0,3,0.0,0.0,0.0,0.0,1.0,0,0,64,0.1478,0,0,0,4
10.0,0,1,1,0.0,0.0,0.0,0.0,1.0,0,0,7,0.1565,5,0,0,7
11.0,0,0,0,0.0,0.0,0.0,0.0,1.0,0,0,4,0.1652,1,0,0,2
11.0,0,0,0,0.0,0.0,0.0,0.0,1.0,0,1,3,0.1739,2,0,0,9
12.0,0,0,3,0.0,0.0,0.0,0.0,1.0,0,0,59,0.1826,0,0,0,4
12.0,0,0,3,0.0,0.0,0.0,0.0,1.0,0,0,53,0.1913,0,0,0,4
12.0,0,0,3,0.0,0.0,0.0,0.0,1.0,0,0,49,0.2,0,0,0,4
12.0,0,0,3,0.0,0.0,0.0,0.0,1.0,0,0,96,0.2087,0,0,0,4
12.0,0,0,3,0.0,0.0,0.0,0.0,1.0,0,0,85,0.2174,0,0,0,4
12.0,0,0,3,0.0,0.0,0.0,0.0,1.0,0,0,46,0.2261,0,0,0,4
11.0,0,0,0,0.0,0.0,0.0,0.0,1.0,0,0,9,0.2348,9,0,1,5
10.0,0,1,1,0.0,0.0,0.0,0.0,1.0,0,0,9,0.2435,5,0,0,7
11.0,0,0,0,0.0,0.0,0.0,0.0,1.0,0,1,3,0.2522,2,0,0,9
12.0,0,0,3,0.0,0.0,0.0,0.0,1.0,0,0,64,0.2609,0,0,0,4
12.0,0,0,3,0.0,0.0,0.0,0.0,1.0,0,0,101,0.2696,0,0,0,4
12.0,0,0,3,0.0,0.0,0.0,0.0,1.0,0,0,58,0.2783,0,0,0,4
12.0,0,0,3,0.0,0.0,0.0,0.0,1.0,0,0,32,0.287,0,0,0,4
11.0,0,0,0,0.0,0.0,0.0,0.0,1.0,0,1,5,0.2957,6,0,0,9
11.0,0,0,0,0.0,0.0,0.0,0.0,1.0,0,1,6,0.3043,6,0,0,9
11.0,0,0,0,0.0,0.0,0.0,0.0,1.0,0,1,6,0.313,6,0,0,9
11.0,0,0,0,0.0,0.0,0.0,0.0,1.0,0,1,10,0.3217,6,0,0,4
11.0,0,0,0,0.0,0.0,0.0,0.0,1.0,0,1,7,0.3304,6,0,0,9
11.0,0,0,0,0.0,0.0,0.0,0.0,1.0,0,1,6,0.3391,6,0,0,9
11.0,0,0,0,0.0,0.0,0.0,0.0,1.0,0,1,3,0.3478,2,0,0,9
12.0,0,0,3,0.0,0.0,0.0,0.0,1.0,0,0,65,0.3565,0,0,0,4
12.0,0,0,3,0.0,0.0,0.0,0.0,1.0,0,0,74,0.3652,0,0,0,4
12.0,0,0,3,0.0,0.0,0.0,0.0,1.0,0,0,88,0.3739,0,0,0,4
12.0,0,0,3,0.0,0.0,0.0,0.0,1.0,0,0,65,0.3826,0,0,0,4
11.0,0,0,0,0.0,0.0,0.0,0.0,1.0,0,0,9,0.3913,9,0,1,5
10.0,0,1,1,0.0,0.0,0.0,0.0,1.0,0,0,7,0.4,5,0,0,7
11.0,0,0,0,0.0,0.0,0.0,0.0,1.0,0,0,4,0.4087,1,0,0,2
11.0,0,0,0,0.0,0.0,0.0,0.0,1.0,0,1,3,0.4174,2,0,0,9
12.0,0,0,3,0.0,0.0,0.0,0.0,1.0,0,0,39,0.4261,0,0,0,4
12.0,0,0,3,0.0,0.0,0.0,0.0,1.0,0,0,42,0.4348,0,0,0,4
12.0,0,0,3,0.0,0.0,0.0,0.0,1.0,0,0,42,0.4435,0,0,0,4
12.0,0,0,3,0.0,0.0,0.0,0.0,1.0,0,0,48,0.4522,0,0,0,4
12.0,0,0,3,0.0,0.0,0.0,0.0,1.0,0,0,54,0.4609,0,0,0,4
10.0,0,1,1,0.0,0.0,0.0,0.0,1.0,0,0,8,0.4696,5,0,0,7
11.0,0,0,0,0.0,0.0,0.0,0.0,1.0,0,1,3,0.4783,2,0,0,9
12.0,0,0,3,0.0,0.0,0.0,0.0,1.0,0,0,42,0.487,0,0,0,4
12.0,0,0,3,0.0,0.0,0.0,0.0,1.0,0,0,86,0.4957,0,0,0,4
12.0,0,0,3,0.0,0.0,0.0,0.0,1.0,0,0,55,0.5043,0,0,0,4
11.0,0,0,0,0.0,0.0,0.0,0.0,1.0,0,0,9,0.513,9,0,1,5
10.0,0,1,1,0.0,0.0,0.0,0.0,1.0,0,0,7,0.5217,5,0,0,7
11.0,0,0,0,0.0,0.0,0.0,0.0,1.0,0,1,9,0.5304,6,0,0,4
11.0,0,0,0,0.0,0.0,0.0,0.0,1.0,0,1,6,0.5391,6,0,0,9
11.0,0,0,0,0.0,0.0,0.0,0.0,1.0,0,1,10,0.5478,6,0,0,4
11.0,0,0,0,0.0,0.0,0.0,0.0,1.0,0,1,5,0.5565,6,0,0,9
11.0,0,0,0,0.0,0.0,0.0,0.0,1.0,0,1,10,0.5652,6,0,0,4
11.0,0,0,0,0.0,0.0,0.0,0.0,1.0,0,1,9,0.5739,6,0,0,4
11.0,0,0,0,0.0,0.0,0.0,0.0,1.0,0,1,4,0.5826,2,0,0,9
12.0,0,0,3,0.0,0.0,0.0,0.0,1.0,0,0,84,0.5913,0,0,0,4
12.0,0,0,3,0.0,0.0,0.0,0.0,1.0,0,0,72,0.6,0,0,0,4
12.0,0,0,3,0.0,0.0,0.0,0.0,1.0,0,0,63,0.6087,0,0,0,4
12.0,0,0,3,0.0,0.0,0.0,0.0,1.0,0,0,62,0.6174,0,0,0,4
12.0,0,0,3,0.0,0.0,0.0,0.0,1.0,0,0,37,0.6261,0,0,0,4
12.0,0,0,3,0.0,0.0,0.0,0.0,1.0,0,0,78,0.6348,0,0,0,4
10.0,0,1,1,0.0,0.0,0.0,0.0,1.0,0,0,7,0.6435,5,0,0,7
11.0,0,0,0,0.0,0.0,0.0,0.0,1.0,0,1,11,0.6522,6,0,0,4
11.0,0,0,0,0.0,0.0,0.0,0.0,1.0,0,1,5,0.6609,6,0,0,9
11.0,0,0,0,0.0,0.0,0.0,0.0,1.0,0,1,10,0.6696,6,0,0,4
11.0,0,0,0,0.0,0.0,0.0,0.0,1.0,0,1,9,0.6783,6,0,0,4
11.0,0,0,0,0.0,0.0,0.0,0.0,1.0,0,0,4,0.687,1,0,0,2
11.0,0,0,0,0.0,0.0,0.0,0.0,1.0,0,1,3,0.6957,2,0,0,9
12.0,0,0,3,0.0,0.0,0.0,0.0,1.0,0,0,62,0.7043,0,0,0,4
12.0,0,0,3,0.0,0.0,0.0,0.0,1.0,0,0,64,0.713,0,0,0,4
12.0,0,0,3,0.0,0.0,0.0,0.0,1.0,0,0,54,0.7217,0,0,0,4
12.0,0,0,3,0.0,0.0,0.0,0.0,1.0,0,0,51,0.7304,0,0,0,4
11.0,0,0,0,0.0,0.0,0.0,0.0,1.0,0,0,9,0.7391,9,0,1,5
10.0,0,1,1,0.0,0.0,0.0,0.0,1.0,0,0,7,0.7478,5,0,0,7
10.0,0,1,1,0.0,0.0,0.0,0.0,1.0,0,0,7,0.7565,5,0,0,7
11.0,0,0,0,0.0,0.0,0.0,0.0,1.0,0,1,4,0.7652,2,0,0,9
12.0,0,0,3,0.0,0.0,0.0,0.0,1.0,0,0,40,0.7739,0,0,0,4
12.0,0,0,3,0.0,0.0,0.0,0.0,1.0,0,0,66,0.7826,0,0,0,4
12.0,0,0,3,0.0,0.0,0.0,0.0,1.0,0,0,44,0.7913,0,0,0,4
12.0,0,0,3,0.0,0.0,0.0,0.0,1.0,0,0,75,0.8,0,0,0,4
11.0,0,0,0,0.0,0.0,0.0,0.0,1.0,0,1,3,0.8087,2,0,0,9
12.0,0,0,3,0.0,0.0,0.0,0.0,1.0,0,0,65,0.8174,0,0,0,4
12.0,0,0,3,0.0,0.0,0.0,0.0,1.0,0,0,46,0.8261,0,0,0,4
12.0,0,0,3,0.0,0.0,0.0,0.0,1.0,0,0,36,0.8348,0,0,0,4
12.0,0,0,3,0.0,0.0,0.0,0.0,1.0,0,0,100,0.8435,0,0,0,4
12.0,0,0,3,0.0,0.0,0.0,0.0,1.0,0,0,89,0.8522,0,0,0,4
11.0,0,0,0,0.0,0.0,0.0,0.0,1.0,0,1,7,0.8609,6,0,0,9
11.0,0,0,0,0.0,0.0,0.0,0.0,1.0,0,1,8,0.8696,6,0,0,4
11.0,0,0,0,0.0,0.0,0.0,0.0,1.0,0,1,8,0.8783,6,0,0,4
11.0,0,0,0,0.0,0.0,0.0,0.0,1.0,0,1,3,0.887,2,0,0,9
12.0,0,0,3,0.0,0.0,0.0,0.0,1.0,0,0,78,0.8957,0,0,0,4
12.0,0,0,3,0.0,0.0,0.0,0.0,1.0,0,0,61,0.9043,0,0,0,4
12.0,0,0,3,0.0,0.0,0.0,0.0,1.0,0,0,80,0.913,0,0,0,4
12.0,0,0,3,0.0,0.0,0.0,0.0,1.0,0,0,54,0.9217,0,0,0,4
11.0,0,0,0,0.0,0.0,0.0,0.0,1.0,0,0,9,0.9304,9,0,1,5
10.0,0,1,1,0.0,0.0,0.0,0.0,1.0,0,0,7,0.9391,5,0,0,7
11.0,0,0,0,0.0,0.0,0.0,0.0,1.0,0,0,1,0.9478,1,0,0,4
10.0,0,0,0,0.0,0.0,0.0,0.0,1.0,0,1,11,0.9565,0,0,0,8
10.0,0,0,0,0.0,0.0,0.0,0.0,1.0,0,1,12,0.9652,0,0,0,8
10.0,0,0,0,0.0,0.0,0.0,0.0,1.0,0,1,11,0.9739,0,0,0,8
10.0,0,0,0,0.0,0.0,0.0,0.0,1.0,0,1,11,0.9826,0,0,0,8
10.0,0,0,0,0.0,0.0,0.0,0.0,1.0,0,1,11,0.9913,0,0,0,8
11.0,0,0,0,0.0,0.0,0.0,0.0,1.0,0,0,5,0.0,4,0,0,4
13.0,0,1,1,0.0,0.0,0.0,0.0,1.0,0,0,2,0.0066,0,0,0,4
11.0,0,0,0,0.0,0.0,0.0,0.0,1.0,0,0,4,0.0132,1,0,0,2
11.0,0,0,0,0.0,0.0,0.0,0.0,1.0,0,1,3,0.0197,2,0,0,9
12.0,0,0,3,0.0,0.0,0.0,0.0,1.0,0,0,64,0.0263,0,0,0,4
12.0,0,0,3,0.0,0.0,0.0,0.0,1.0,0,0,92,0.0329,0,0,0,4
12.0,0,0,3,0.0,0.0,0.0,0.0,1.0,0,0,62,0.0395,0,0,0,4
12.0,0,0,3,0.0,0.0,0.0,0.0,1.0,0,0,76,0.0461,0,0,0,4
12.0,0,0,3,0.0,0.0,0.0,0.0,1.0,0,0,108,0.0526,0,0,0,4
12.0,0,0,3,0.0,0.0,0.0,0.0,1.0,0,0,49,0.0592,0,0,0,4
11.0,0,0,0,0.0,0.0,0.0,0.0,1.0,0,1,11,0.0658,6,0,0,4
11.0,0,0,0,0.0,0.0,0.0,0.0,1.0,0,1,9,0.0724,6,0,0,4
11.0,0,0,0,0.0,0.0,0.0,0.0,1.0,0,1,5,0.0789,6,0,0,9
11.0,0,0,0,0.0,0.0,0.0,0.0,1.0,0,1,7,0.0855,6,0,0,9
11.0,0,0,0,0.0,0.0,0.0,0.0,1.0,0,1,3,0.0921,2,0,0,9
12.0,0,0,3,0.0,0.0,0.0,0.0,1.0,0,0,80,0.0987,0,0,0,4
12.0,0,0,3,0.0,0.0,0.0,0.0,1.0,0,0,81,0.1053,0,0,0,4
12.0,0,0,3,0.0,0.0,0.0,0.0,1.0,0,0,86,0.1118,0,0,0,4
12.0,0,0,3,0.0,0.0,0.0,0.0,1.0,0,0,89,0.1184,0,0,0,4
10.0,0,1,1,0.0,0.0,0.0,0.0,1.0,0,0,6,0.125,5,0,0,7
11.0,0,0,0,0.0,0.0,0.0,0.0,1.0,0,1,5,0.1316,6,0,0,9
11.0,0,0,0,0.0,0.0,0.0,0.0,1.0,0,1,11,0.1382,6,0,0,4
11.0,0,0,0,0.0,0.0,0.0,0.0,1.0,0,1,11,0.1447,6,0,0,4
11.0,0,0,0,0.0,0.0,0.0,0.0,1.0,0,1,10,0.1513,6,0,0,4
11.0,0,0,0,0.0,0.0,0.0,0.0,1.0,0,1,6,0.1579,6,0,0,9
11.0,0,0,0,0.0,0.0,0.0,0.0,1.0,0,1,3,0.1645,2,0,0,9
12.0,0,0,3,0.0,0.0,0.0,0.0,1.0,0,0,47,0.1711,0,0,0,4
12.0,0,0,3,0.0,0.0,0.0,0.0,1.0,0,0,35,0.1776,0,0,0,4
12.0,0,0,3,0.0,0.0,0.0,0.0,1.0,0,0,66,0.1842,0,0,0,4
12.0,0,0,3,0.0,0.0,0.0,0.0,1.0,0,0,61,0.1908,0,0,0,4
12.0,0,0,3,0.0,0.0,0.0,0.0,1.0,0,0,47,0.1974,0,0,0,4
11.0,0,0,0,0.0,0.0,0.0,0.0,1.0,0,0,9,0.2039,9,0,1,5
10.0,0,1,1,0.0,0.0,0.0,0.0,1.0,0,0,7,0.2105,5,0,0,7
11.0,0,0,0,0.0,0.0,0.0,0.0,1.0,0,1,8,0.2171,6,0,0,4
11.0,0,0,0,0.0,0.0,0.0,0.0,1.0,0,1,10,0.2237,6,0,0,4
11.0,0,0,0,0.0,0.0,0.0,0.0,1.0,0,1,10,0.2303,6,0,0,4
11.0,0,0,0,0.0,0.0,0.0,0.0,1.0,0,1,10,0.2368,6,0,0,4
11.0,0,0,0,0.0,0.0,0.0,0.0,1.0,0,1,7,0.2434,6,0,0,9
11.0,0,0,0,0.0,0.0,0.0,0.0,1.0,0,0,4,0.25,1,0,0,2
11.0,0,0,0,0.0,0.0,0.0,0.0,1.0,0,1,3,0.2566,2,0,0,9
12.0,0,0,3,0.0,0.0,0.0,0.0,1.0,0,0,78,0.2632,0,0,0,4
12.0,0,0,3,0.0,0.0,0.0,0.0,1.0,0,0,62,0.2697,0,0,0,4
12.0,0,0,3,0.0,0.0,0.0,0.0,1.0,0,0,57,0.2763,0,0,0,4
12.0,0,0,3,0.0,0.0,0.0,0.0,1.0,0,0,65,0.2829,0,0,0,4
11.0,0,0,0,0.0,0.0,0.0,0.0,1.0,0,0,9,0.2895,9,0,1,5
10.0,0,1,1,0.0,0.0,0.0,0.0,1.0,0,0,7,0.2961,5,0,0,7
11.0,0,0,0,0.0,0.0,0.0,0.0,1.0,0,1,3,0.3026,2,0,0,9
12.0,0,0,3,0.0,0.0,0.0,0.0,1.0,0,0,61,0.3092,0,0,0,4
12.0,0,0,3,0.0,0.0,0.0,0.0,1.0,0,0,89,0.3158,0,0,0,4
12.0,0,0,3,0.0,0.0,0.0,0.0,1.0,0,0,52,0.3224,0,0,0,4
12.0,0,0,3,0.0,0.0,0.0,0.0,1.0,0,0,103,0.3289,0,0,0,4
12.0,0,0,3,0.0,0.0,0.0,0.0,1.0,0,0,89,0.3355,0,0,0,4
12.0,0,0,3,0.0,0.0,0.0,0.0,1.0,0,0,90,0.3421,0,0,0,4
11.0,0,0,0,0.0,0.0,0.0,0.0,1.0,0,0,9,0.3487,9,0,1,5
10.0,0,1,1,0.0,0.0,0.0,0.0,1.0,0,0,9,0.3553,5,0,0,7
10.0,0,1,1,0.0,0.0,0.0,0.0,1.0,0,0,7,0.3618,5,0,0,7
11.0,0,0,0,0.0,0.0,0.0,0.0,1.0,0,1,3,0.3684,2,0,0,9
12.0,0,0,3,0.0,0.0,0.0,0.0,1.0,0,0,41,0.375,0,0,0,4
12.0,0,0,3,0.0,0.0,0.0,0.0,1.0,0,0,56,0.3816,0,0,0,4
12.0,0,0,3,0.0,0.0,0.0,0.0,1.0,0,0,70,0.3882,0,0,0,4
12.0,0,0,3,0.0,0.0,0.0,0.0,1.0,0,0,65,0.3947,0,0,0,4
10.0,0,1,1,0.0,0.0,0.0,0.0,1.0,0,0,7,0.4013,5,0,0,7
11.0,0,0,0,0.0,0.0,0.0,0.0,1.0,0,1,6,0.4079,6,0,0,9
11.0,0,0,0,0.0,0.0,0.0,0.0,1.0,0,1,5,0.4145,6,0,0,9
11.0,0,0,0,0.0,0.0,0.0,0.0,1.0,0,1,10,0.4211,6,0,0,4
11.0,0,0,0,0.0,0.0,0.0,0.0,1.0,0,1,11,0.4276,6,0,0,4
11.0,0,0,0,0.0,0.0,0.0,0.0,1.0,0,1,6,0.4342,6,0,0,9
11.0,0,0,0,0.0,0.0,0.0,0.0,1.0,0,1,6,0.4408,6,0,0,9
11.0,0,0,0,0.0,0.0,0.0,0.0,1.0,0,0,4,0.4474,1,0,0,2
11.0,0,0,0,0.0,0.0,0.0,0.0,1.0,0,1,3,0.4539,2,0,0,9
12.0,0,0,3,0.0,0.0,0.0,0.0,1.0,0,0,97,0.4605,0,0,0,4
12.0,0,0,3,0.0,0.0,0.0,0.0,1.0,0,0,85,0.4671,0,0,0,4
12.0,0,0,3,0.0,0.0,0.0,0.0,1.0,0,0,41,0.4737,0,0,0,4
12.0,0,0,3,0.0,0.0,0.0,0.0,1.0,0,0,73,0.4803,0,0,0,4
12.0,0,0,3,0.0,0.0,0.0,0.0,1.0,0,0,43,0.4868,0,0,0,4
11.0,0,0,0,0.0,0.0,0.0,0.0,1.0,0,0,9,0.4934,9,0,1,5
10.0,0,1,1,0.0,0.0,0.0,0.0,1.0,0,0,7,0.5,5,0,0,7
10.0,0,1,1,0.0,0.0,0.0,0.0,1.0,0,0,6,0.5066,5,0,0,7
11.0,0,0,0,0.0,0.0,0.0,0.0,1.0,0,1,3,0.5132,2,0,0,9
12.0,0,0,3,0.0,0.0,0.0,0.0,1.0,0,0,103,0.5197,0,0,0,4
12.0,0,0,3,0.0,0.0,0.0,0.0,1.0,0,0,93,0.5263,0,0,0,4
12.0,0,0,3,0.0,0.0,0.0,0.0,1.0,0,0,54,0.5329,0,0,0,4
12.0,0,0,3,0.0,0.0,0.0,0.0,1.0,0,0,55,0.5395,0,0,0,4
11.0,0,0,0,0.0,0.0,0.0,0.0,1.0,0,0,9,0.5461,9,0,1,5
10.0,0,1,1,0.0,0.0,0.0,0.0,1.0,0,0,7,0.5526,5,0,0,7
10.0,0,1,1,0.0,0.0,0.0,0.0,1.0,0,0,6,0.5592,5,0,0,7
11.0,0,0,0,0.0,0.0,0.0,0.0,1.0,0,1,3,0.5658,2,0,0,9
12.0,0,0,3,0.0,0.0,0.0,0.0,1.0,0,0,83,0.5724,0,0,0,4
12.0,0,0,3,0.0,0.0,0.0,0.0,1.0,0,0,56,0.5789,0,0,0,4
12.0,0,0,3,0.0,0.0,0.0,0.0,1.0,0,0,45,0.5855,0,0,0,4
12.0,0,0,3,0.0,0.0,0.0,0.0,1.0,0,0,82,0.5921,0,0,0,4
12.0,0,0,3,0.0,0.0,0.0,0.0,1.0,0,0,41,0.5987,0,0,0,4
12.0,0,0,3,0.0,0.0,0.0,0.0,1.0,0,0,78,0.6053,0,0,0,4
11.0,0,0,0,0.0,0.0,0.0,0.0,1.0,0,0,9,0.6118,9,0,1,5
10.0,0,1,1,0.0,0.0,0.0,0.0,1.0,0,0,7,0.6184,5,0,0,7
11.0,0,0,0,0.0,0.0,0.0,0.0,1.0,0,0,4,0.625,1,0,0,2
11.0,0,0,0,0.0,0.0,0.0,0.0,1.0,0,1,3,0.6316,2,0,0,9
12.0,0,0,3,0.0,0.0,0.0,0.0,1.0,0,0,67,0.6382,0,0,0,4
12.0,0,0,3,0.0,0.0,0.0,0.0,1.0,0,0,43,0.6447,0,0,0,4
12.0,0,0,3,0.0,0.0,0.0,0.0,1.0,0,0,50,0.6513,0,0,0,4
12.0,0,0,3,0.0,0.0,0.0,0.0,1.0,0,0,85,0.6579,0,0,0,4
10.0,0,1,1,0.0,0.0,0.0,0.0,1.0,0,0,6,0.6645,5,0,0,7
11.0,0,0,0,0.0,0.0,0.0,0.0,1.0,0,1,3,0.6711,2,0,0,9
12.0,0,0,3,0.0,0.0,0.0,0.0,1.0,0,0,39,0.6776,0,0,0,4
12.0,0,0,3,0.0,0.0,0.0,0.0,1.0,0,0,32,0.6842,0,0,0,4
12.0,0,0,3,0.0,0.0,0.0,0.0,1.0,0,0,81,0.6908,0,0,0,4
12.0,0,0,3,0.0,0.0,0.0,0.0,1.0,0,0,71,0.6974,0,0,0,4
11.0,0,0,0,0.0,0.0,0.0,0.0,1.0,0,1,3,0.7039,2,0,0,9
12.0,0,0,3,0.0,0.0,0.0,0.0,1.0,0,0,59,0.7105,0,0,0,4
12.0,0,0,3,0.0,0.0,0.0,0.0,1.0,0,0,80,0.7171,0,0,0,4
12.0,0,0,3,0.0,0.0,0.0,0.0,1.0,0,0,87,0.7237,0,0,0,4
12.0,0,0,3,0.0,0.0,0.0,0.0,1.0,0,0,57,0.7303,0,0,0,4
11.0,0,0,0,0.0,0.0,0.0,0.0,1.0,0,1,7,0.7368,6,0,0,9
11.0,0,0,0,0.0,0.0,0.0,0.0,1.0,0,1,9,0.7434,6,0,0,4
11.0,0,0,0,0.0,0.0,0.0,0.0,1.0,0,1,9,0.75,6,0,0,4
11.0,0,0,0,0.0,0.0,0.0,0.0,1.0,0,1,11,0.7566,6,0,0,4
11.0,0,0,0,0.0,0.0,0.0,0.0,1.0,0,1,6,0.7632,6,0,0,9
11.0,0,0,0,0.0,0.0,0.0,0.0,1.0,0,1,4,0.7697,2,0,0,9
12.0,0,0,3,0.0,0.0,0.0,0.0,1.0,0,0,90,0.7763,0,0,0,4
12.0,0,0,3,0.0,0.0,0.0,0.0,1.0,0,0,101,0.7829,0,0,0,4
12.0,0,0,3,0.0,0.0,0.0,0.0,1.0,0,0,67,0.7895,0,0,0,4
12.0,0,0,3,0.0,0.0,0.0,0.0,1.0,0,0,97,0.7961,0,0,0,4
12.0,0,0,3,0.0,0.0,0.0,0.0,1.0,0,0,91,0.8026,0,0,0,4
12.0,0,0,3,0.0,0.0,0.0,0.0,1.0,0,0,60,0.8092,0,0,0,4
11.0,0,0,0,0.0,0.0,0.0,0.0,1.0,0,0,4,0.8158,1,0,0,2
11.0,0,0,0,0.0,0.0,0.0,0.0,1.0,0,1,5,0.8224,2,0,0,9
12.0,0,0,3,0.0,0.0,0.0,0.0,1.0,0,0,77,0.8289,0,0,0,4
12.0,0,0,3,0.0,0.0,0.0,0.0,1.0,0,0,35,0.8355,0,0,0,4
12.0,0,0,3,0.0,0.0,0.0,0.0,1.0,0,0,43,0.8421,0,0,0,4
11.0,0,0,0,0.0,0.0,0.0,0.0,1.0,0,0,9,0.8487,9,0,1,5
10.0,0,1,1,0.0,0.0,0.0,0.0,1.0,0,0,7,0.8553,5,0,0,7
11.0,0,0,0,0.0,0.0,0.0,0.0,1.0,0,1,3,0.8618,2,0,0,9
12.0,0,0,3,0.0,0.0,0.0,0.0,1.0,0,0,41,0.8684,0,0,0,4
12.0,0,0,3,0.0,0.0,0.0,0.0,1.0,0,0,29,0.875,0,0,0,4
12.0,0,0,3,0.0,0.0,0.0,0.0,1.0,0,0,61,0.8816,0,0,0,4
12.0,0,0,3,0.0,0.0,0.0,0.0,1.0,0,0,89,0.8882,0,0,0,4
12.0,0,0,3,0.0,0.0,0.0,0.0,1.0,0,0,86,0.8947,0,0,0,4
12.0,0,0,3,0.0,0.0,0.0,0.0,1.0,0,0,29,0.9013,0,0,0,4
11.0,0,0,0,0.0,0.0,0.0,0.0,1.0,0,1,3,0.9079,2,0,0,9
12.0,0,0,3,0.0,0.0,0.0,0.0,1.0,0,0,90,0.9145,0,0,0,4
12.0,0,0,3,0.0,0.0,0.0,0.0,1.0,0,0,94,0.9211,0,0,0,4
12.0,0,0,3,0.0,0.0,0.0,0.0,1.0,0,0,46,0.9276,0,0,0,4
12.0,0,0,3,0.0,0.0,0.0,0.0,1.0,0,0,85,0.9342,0,0,0,4
12.0,0,0,3,0.0,0.0,0.0,0.0,1.0,0,0,63,0.9408,0,0,0,4
12.0,0,0,3,0.0,0.0,0.0,0.0,1.0,0,0,85,0.9474,0,0,0,4
11.0,0,0,0,0.0,0.0,0.0,0.0,1.0,0,0,1,0.9539,1,0,0,4
10.0,0,0,0,0.0,0.0,0.0,0.0,1.0,0,1,11,0.9605,0,0,0,8
10.0,0,0,0,0.0,0.0,0.0,0.0,1.0,0,1,11,0.9671,0,0,0,8
10.0,0,0,0,0.0,0.0,0.0,0.0,1.0,0,1,10,0.9737,0,0,0,8
10.0,0,0,0,0.0,0.0,0.0,0.0,1.0,0,1,11,0.9803,0,0,0,8
10.0,0,0,0,0.0,0.0,0.0,0.0,1.0,0,1,11,0.9868,0,0,0,8
10.0,0,0,0,0.0,0.0,0.0,0.0,1.0,0,1,10,0.9934,0,0,0,8
11.0,0,0,0,0.0,0.0,0.0,0.0,1.0,0,0,5,0.0,4,0,0,4
13.0,0,1,1,0.0,0.0,0.0,0.0,1.0,0,0,3,0.0074,0,0,0,4
11.0,0,0,0,0.0,0.0,0.0,0.0,1.0,0,0,4,0.0147,1,0,0,2
11.0,0,0,0,0.0,0.0,0.0,0.0,1.0,0,1,3,0.0221,2,0,0,9
12.0,0,0,3,0.0,0.0,0.0,0.0,1.0,0,0,50,0.0294,0,0,0,4
12.0,0,0,3,0.0,0.0,0.0,0.0,1.0,0,0,61,0.0368,0,0,0,4
12.0,0,0,3,0.0,0.0,0.0,0.0,1.0,0,0,42,0.0441,0,0,0,4
12.0,0,0,3,0.0,0.0,0.0,0.0,1.0,0,0,70,0.0515,0,0,0,4
12.0,0,0,3,0.0,0.0,0.0,0.0,1.0,0,0,90,0.0588,0,0,0,4
10.0,0,1,1,0.0,0.0,0.0,0.0,1.0,0,0,7,0.0662,5,0,0,7
11.0,0,0,0,0.0,0.0,0.0,0.0,1.0,0,1,7,0.0735,6,0,0,9
11.0,0,0,0,0.0,0.0,0.0,0.0,1.0,0,1,10,0.0809,6,0,0,4
11.0,0,0,0,0.0,0.0,0.0,0.0,1.0,0,1,10,0.0882,6,0,0,4
11.0,0,0,0,0.0,0.0,0.0,0.0,1.0,0,1,9,0.0956,6,0,0,4
11.0,0,0,0,0.0,0.0,0.0,0.0,1.0,0,1,6,0.1029,6,0,0,9
11.0,0,0,0,0.0,0.0,0.0,0.0,1.0,0,1,5,0.1103,6,0,0,9
11.0,0,0,0,0.0,0.0,0.0,0.0,1.0,0,1,3,0.1176,2,0,0,9
12.0,0,0,3,0.0,0.0,0.0,0.0,1.0,0,0,89,0.125,0,0,0,4
12.0,0,0,3,0.0,0.0,0.0,0.0,1.0,0,0,64,0.1324,0,0,0,4
12.0,0,0,3,0.0,0.0,0.0,0.0,1.0,0,0,31,0.1397,0,0,0,4
12.0,0,0,3,0.0,0.0,0.0,0.0,1.0,0,0,73,0.1471,0,0,0,4
12.0,0,0,3,0.0,0.0,0.0,0.0,1.0,0,0,70,0.1544,0,0,0,4
12.0,0,0,3,0.0,0.0,0.0,0.0,1.0,0,0,63,0.1618,0,0,0,4
10.0,0,1,1,0.0,0.0,0.0,0.0,1.0,0,0,8,0.1691,5,0,0,7
11.0,0,0,0,0.0,0.0,0.0,0.0,1.0,0,1,5,0.1765,6,0,0,9
11.0,0,0,0,0.0,0.0,0.0,0.0,1.0,0,1,11,0.1838,6,0,0,4
11.0,0,0,0,0.0,0.0,0.0,0.0,1.0,0,1,7,0.1912,6,0,0,9
11.0,0,0,0,0.0,0.0,0.0,0.0,1.0,0,1,10,0.1985,6,0,0,4
11.0,0,0,0,0.0,0.0,0.0,0.0,1.0,0,1,3,0.2059,2,0,0,9
12.0,0,0,3,0.0,0.0,0.0,0.0,1.0,0,0,87,0.2132,0,0,0,4
12.0,0,0,3,0.0,0.0,0.0,0.0,1.0,0,0,84,0.2206,0,0,0,4
12.0,0,0,3,0.0,0.0,0.0,0.0,1.0,0,0,65,0.2279,0,0,0,4
12.0,0,0,3,0.0,0.0,0.0,0.0,1.0,0,0,58,0.2353,0,0,0,4
11.0,0,0,0,0.0,0.0,0.0,0.0,1.0,0,0,9,0.2426,9,0,1,5
10.0,0,1,1,0.0,0.0,0.0,0.0,1.0,0,0,7,0.25,5,0,0,7
11.0,0,0,0,0.0,0.0,0.0,0.0,1.0,0,0,4,0.2574,1,0,0,2
11.0,0,0,0,0.0,0.0,0.0,0.0,1.0,0,1,3,0.2647,2,0,0,9
12.0,0,0,3,0.0,0.0,0.0,0.0,1.0,0,0,40,0.2721,0,0,0,4
12.0,0,0,3,0.0,0.0,0.0,0.0,1.0,0,0,38,0.2794,0,0,0,4
12.0,0,0,3,0.0,0.0,0.0,0.0,1.0,0,0,38,0.2868,0,0,0,4
10.0,0,1,1,0.0,0.0,0.0,0.0,1.0,0,0,6,0.2941,5,0,0,7
11.0,0,0,0,0.0,0.0,0.0,0.0,1.0,0,1,3,0.3015,2,0,0,9
12.0,0,0,3,0.0,0.0,0.0,0.0,1.0,0,0,56,0.3088,0,0,0,4
12.0,0,0,3,0.0,0.0,0.0,0.0,1.0,0,0,41,0.3162,0,0,0,4
12.0,0,0,3,0.0,0.0,0.0,0.0,1.0,0,0,37,0.3235,0,0,0,4
11.0,0,0,0,0.0,0.0,0.0,0.0,1.0,0,1,3,0.3309,2,0,0,9
12.0,0,0,3,0.0,0.0,0.0,0.0,1.0,0,0,80,0.3382,0,0,0,4
12.0,0,0,3,0.0,0.0,0.0,0.0,1.0,0,0,45,0.3456,0,0,0,4
12.0,0,0,3,0.0,0.0,0.0,0.0,1.0,0,0,70,0.3529,0,0,0,4
12.0,0,0,3,0.0,0.0,0.0,0.0,1.0,0,0,78,0.3603,0,0,0,4
11.0,0,0,0,0.0,0.0,0.0,0.0,1.0,0,0,9,0.3676,9,0,1,5
10.0,0,1,1,0.0,0.0,0.0,0.0,1.0,0,0,7,0.375,5,0,0,7
11.0,0,0,0,0.0,0.0,0.0,0.0,1.0,0,0,4,0.3824,1,0,0,2
11.0,0,0,0,0.0,0.0,0.0,0.0,1.0,0,1,3,0.3897,2,0,0,9
12.0,0,0,3,0.0,0.0,0.0,0.0,1.0,0,0,40,0.3971,0,0,0,4
12.0,0,0,3,0.0,0.0,0.0,0.0,1.0,0,0,71,0.4044,0,0,0,4
12.0,0,0,3,0.0,0.0,0.0,0.0,1.0,0,0,44,0.4118,0,0,0,4
11.0,0,0,0,0.0,0.0,0.0,0.0,1.0,0,1,3,0.4191,2,0,0,9
12.0,0,0,3,0.0,0.0,0.0,0.0,1.0,0,0,67,0.4265,0,0,0,4
12.0,0,0,3,0.0,0.0,0.0,0.0,1.0,0,0,73,0.4338,0,0,0,4
12.0,0,0,3,0.0,0.0,0.0,0.0,1.0,0,0,87,0.4412,0,0,0,4
12.0,0,0,3,0.0,0.0,0.0,0.0,1.0,0,0,34,0.4485,0,0,0,4
11.0,0,0,0,0.0,0.0,0.0,0.0,1.0,0,1,3,0.4559,2,0,0,9
12.0,0,0,3,0.0,0.0,0.0,0.0,1.0,0,0,39,0.4632,0,0,0,4
12.0,0,0,3,0.0,0.0,0.0,0.0,1.0,0,0,47,0.4706,0,0,0,4
12.0,0,0,3,0.0,0.0,0.0,0.0,1.0,0,0,38,0.4779,0,0,0,4
12.0,0,0,3,0.0,0.0,0.0,0.0,1.0,0,0,66,0.4853,0,0,0,4
12.0,0,0,3,0.0,0.0,0.0,0.0,1.0,0,0,95,0.4926,0,0,0,4
12.0,0,0,3,0.0,0.0,0.0,0.0,1.0,0,0,65,0.5,0,0,0,4
11.0,0,0,0,0.0,0.0,0.0,0.0,1.0,0,0,9,0.5074,9,0,1,5
10.0,0,1,1,0.0,0.0,0.0,0.0,1.0,0,0,7,0.5147,5,0,0,7
10.0,0,1,1,0.0,0.0,0.0,0.0,1.0,0,0,6,0.5221,5,0,0,7
11.0,0,0,0,0.0,0.0,0.0,0.0,1.0,0,1,5,0.5294,6,0,0,9
11.0,0,0,0,0.0,0.0,0.0,0.0,1.0,0,1,11,0.5368,6,0,0,4
11.0,0,0,0,0.0,0.0,0.0,0.0,1.0,0,1,6,0.5441,6,0,0,9
11.0,0,0,0,0.0,0.0,0.0,0.0,1.0,0,1,10,0.5515,6,0,0,4
11.0,0,0,0,0.0,0.0,0.0,0.0,1.0,0,1,3,0.5588,2,0,0,9
12.0,0,0,3,0.0,0.0,0.0,0.0,1.0,0,0,57,0.5662,0,0,0,4
12.0,0,0,3,0.0,0.0,0.0,0.0,1.0,0,0,70,0.5735,0,0,0,4
12.0,0,0,3,0.0,0.0,0.0,0.0,1.0,0,0,37,0.5809,0,0,0,4
12.0,0,0,3,0.0,0.0,0.0,0.0,1.0,0,0,34,0.5882,0,0,0,4
12.0,0,0,3,0.0,0.0,0.0,0.0,1.0,0,0,68,0.5956,0,0,0,4
10.0,0,1,1,0.0,0.0,0.0,0.0,1.0,0,0,6,0.6029,5,0,0,7
11.0,0,0,0,0.0,0.0,0.0,0.0,1.0,0,0,4,0.6103,1,0,0,2
11.0,0,0,0,0.0,0.0,0.0,0.0,1.0,0,1,5,0.6176,2,0,0,9
12.0,0,0,3,0.0,0.0,0.0,0.0,1.0,0,0,81,0.625,0,0,0,4
12.0,0,0,3,0.0,0.0,0.0,0.0,1.0,0,0,53,0.6324,0,0,0,4
12.0,0,0,3,0.0,0.0,0.0,0.0,1.0,0,0,65,0.6397,0,0,0,4
11.0,0,0,0,0.0,0.0,0.0,0.0,1.0,0,0,9,0.6471,9,0,1,5
10.0,0,1,1,0.0,0.0,0.0,0.0,1.0,0,0,9,0.6544,5,0,0,7
11.0,0,0,0,0.0,0.0,0.0,0.0,1.0,0,1,3,0.6618,2,0,0,9
12.0,0,0,3,0.0,0.0,0.0,0.0,1.0,0,0,88,0.6691,0,0,0,4
12.0,0,0,3,0.0,0.0,0.0,0.0,1.0,0,0,87,0.6765,0,0,0,4
12.0,0,0,3,0.0,0.0,0.0,0.0,1.0,0,0,67,0.6838,0,0,0,4
12.0,0,0,3,0.0,0.0,0.0,0.0,1.0,0,0,79,0.6912,0,0,0,4
12.0,0,0,3,0.0,0.0,0.0,0.0,1.0,0,0,56,0.6985,0,0,0,4
12.0,0,0,3,0.0,0.0,0.0,0.0,1.0,0,0,82,0.7059,0,0,0,4
11.0,0,0,0,0.0,0.0,0.0,0.0,1.0,0,1,6,0.7132,6,0,0,9
11.0,0,0,0,0.0,0.0,0.0,0.0,1.0,0,1,5,0.7206,6,0,0,9
11.0,0,0,0,0.0,0.0,0.0,0.0,1.0,0,1,6,0.7279,6,0,0,9
11.0,0,0,0,0.0,0.0,0.0,0.0,1.0,0,1,6,0.7353,6,0,0,9
11.0,0,0,0,0.0,0.0,0.0,0.0,1.0,0,1,8,0.7426,6,0,0,4
11.0,0,0,0,0.0,0.0,0.0,0.0,1.0,0,1,11,0.75,6,0,0,4
11.0,0,0,0,0.0,0.0,0.0,0.0,1.0,0,1,3,0.7574,2,0,0,9
12.0,0,0,3,0.0,0.0,0.0,0.0,1.0,0,0,71,0.7647,0,0,0,4
12.0,0,0,3,0.0,0.0,0.0,0.0,1.0,0,0,40,0.7721,0,0,0,4
12.0,0,0,3,0.0,0.0,0.0,0.0,1.0,0,0,48,0.7794,0,0,0,4
12.0,0,0,3,0.0,0.0,0.0,0.0,1.0,0,0,60,0.7868,0,0,0,4
12.0,0,0,3,0.0,0.0,0.0,0.0,1.0,0,0,95,0.7941,0,0,0,4
12.0,0,0,3,0.0,0.0,0.0,0.0,1.0,0,0,88,0.8015,0,0,0,4
10.0,0,1,1,0.0,0.0,0.0,0.0,1.0,0,0,6,0.8088,5,0,0,7
11.0,0,0,0,0.0,0.0,0.0,0.0,1.0,0,0,4,0.8162,1,0,0,2
11.0,0,0,0,0.0,0.0,0.0,0.0,1.0,0,1,3,0.8235,2,0,0,9
12.0,0,0,3,0.0,0.0,0.0,0.0,1.0,0,0,79,0.8309,0,0,0,4
12.0,0,0,3,0.0,0.0,0.0,0.0,1.0,0,0,34,0.8382,0,0,0,4
12.0,0,0,3,0.0,0.0,0.0,0.0,1.0,0,0,35,0.8456,0,0,0,4
12.0,0,0,3,0.0,0.0,0.0,0.0,1.0,0,0,83,0.8529,0,0,0,4
12.0,0,0,3,0.0,0.0,0.0,0.0,1.0,0,0,72,0.8603,0,0,0,4
11.0,0,0,0,0.0,0.0,0.0,0.0,1.0,0,0,9,0.8676,9,0,1,5
10.0,0,1,1,0.0,0.0,0.0,0.0,1.0,0,0,7,0.875,5,0,0,7
11.0,0,0,0,0.0,0.0,0.0,0.0,1.0,0,1,3,0.8824,2,0,0,9
12.0,0,0,3,0.0,0.0,0.0,0.0,1.0,0,0,44,0.8897,0,0,0,4
12.0,0,0,3,0.0,0.0,0.0,0.0,1.0,0,0,62,0.8971,0,0,0,4
12.0,0,0,3,0.0,0.0,0.0,0.0,1.0,0,0,33,0.9044,0,0,0,4
12.0,0,0,3,0.0,0.0,0.0,0.0,1.0,0,0,91,0.9118,0,0,0,4
12.0,0,0,3,0.0,0.0,0.0,0.0,1.0,0,0,36,0.9191,0,0,0,4
11.0,0,0,0,0.0,0.0,0.0,0.0,1.0,0,0,9,0.9265,9,0,1,5
10.0,0,1,1,0.0,0.0,0.0,0.0,1.0,0,0,7,0.9338,5,0,0,7
11.0,0,0,0,0.0,0.0,0.0,0.0,1.0,0,0,1,0.9412,1,0,0,4
10.0,0,0,0,0.0,0.0,0.0,0.0,1.0,0,1,11,0.9485,0,0,0,8
10.0,0,0,0,0.0,0.0,0.0,0.0,1.0,0,1,13,0.9559,0,0,0,8
10.0,0,0,0,0.0,0.0,0.0,0.0,1.0,0,1,10,0.9632,0,0,0,8
10.0,0,0,0,0.0,0.0,0.0,0.0,1.0,0,1,13,0.9706,0,0,0,8
10.0,0,0,0,0.0,0.0,0.0,0.0,1.0,0,1,12,0.9779,0,0,0,8
10.0,0,0,0,0.0,0.0,0.0,0.0,1.0,0,1,11,0.9853,0,0,0,8
10.0,0,0,0,0.0,0.0,0.0,0.0,1.0,0,1,11,0.9926,0,0,0,8
11.0,0,0,0,0.0,0.0,0.0,0.0,1.0,0,0,5,0.0,4,0,0,4
13.0,0,1,1,0.0,0.0,0.0,0.0,1.0,0,0,3,0.0108,0,0,0,4
11.0,0,0,0,0.0,0.0,0.0,0.0,1.0,0,0,6,0.0215,1,0,0,2
11.0,0,0,0,0.0,0.0,0.0,0.0,1.0,0,1,3,0.0323,2,0,0,9
12.0,0,0,3,0.0,0.0,0.0,0.0,1.0,0,0,66,0.043,0,0,0,4
12.0,0,0,3,0.0,0.0,0.0,0.0,1.0,0,0,84,0.0538,0,0,0,4
12.0,0,0,3,0.0,0.0,0.0,0.0,1.0,0,0,84,0.0645,0,0,0,4
12.0,0,0,3,0.0,0.0,0.0,0.0,1.0,0,0,68,0.0753,0,0,0,4
11.0,0,0,0,0.0,0.0,0.0,0.0,1.0,0,0,9,0.086,9,0,1,5
10.0,0,1,1,0.0,0.0,0.0,0.0,1.0,0,0,7,0.0968,5,0,0,7
11.0,0,0,0,0.0,0.0,0.0,0.0,1.0,0,1,3,0.1075,2,0,0,9
12.0,0,0,3,0.0,0.0,0.0,0.0,1.0,0,0,32,0.1183,0,0,0,4
12.0,0,0,3,0.0,0.0,0.0,0.0,1.0,0,0,61,0.129,0,0,0,4
12.0,0,0,3,0.0,0.0,0.0,0.0,1.0,0,0,88,0.1398,0,0,0,4
11.0,0,0,0,0.0,0.0,0.0,0.0,1.0,0,0,9,0.1505,9,0,1,5
10.0,0,1,1,0.0,0.0,0.0,0.0,1.0,0,0,7,0.1613,5,0,0,7
11.0,0,0,0,0.0,0.0,0.0,0.0,1.0,0,1,6,0.172,6,0,0,9
11.0,0,0,0,0.0,0.0,0.0,0.0,1.0,0,1,5,0.1828,6,0,0,9
11.0,0,0,0,0.0,0.0,0.0,0.0,1.0,0,1,10,0.1935,6,0,0,4
11.0,0,0,0,0.0,0.0,0.0,0.0,1.0,0,1,8,0.2043,6,0,0,4
11.0,0,0,0,0.0,0.0,0.0,0.0,1.0,0,1,7,0.2151,6,0,0,9
11.0,0,0,0,0.0,0.0,0.0,0.0,1.0,0,0,4,0.2258,1,0,0,2
11.0,0,0,0,0.0,0.0,0.0,0.0,1.0,0,1,3,0.2366,2,0,0,9
12.0,0,0,3,0.0,0.0,0.0,0.0,1.0,0,0,101,0.2473,0,0,0,4
12.0,0,0,3,0.0,0.0,0.0,0.0,1.0,0,0,71,0.2581,0,0,0,4
12.0,0,0,3,0.0,0.0,0.0,0.0,1.0,0,0,58,0.2688,0,0,0,4
11.0,0,0,0,0.0,0.0,0.0,0.0,1.0,0,0,9,0.2796,9,0,1,5
10.0,0,1,1,0.0,0.0,0.0,0.0,1.0,0,0,7,0.2903,5,0,0,7
11.0,0,0,0,0.0,0.0,0.0,0.0,1.0,0,1,3,0.3011,2,0,0,9
12.0,0,0,3,0.0,0.0,0.0,0.0,1.0,0,0,57,0.3118,0,0,0,4
12.0,0,0,3,0.0,0.0,0.0,0.0,1.0,0,0,110,0.3226,0,0,0,4
12.0,0,0,3,0.0,0.0,0.0,0.0,1.0,0,0,92,0.3333,0,0,0,4
12.0,0,0,3,0.0,0.0,0.0,0.0,1.0,0,0,58,0.3441,0,0,0,4
12.0,0,0,3,0.0,0.0,0.0,0.0,1.0,0,0,52,0.3548,0,0,0,4
11.0,0,0,0,0.0,0.0,0.0,0.0,1.0,0,1,11,0.3656,6,0,0,4
11.0,0,0,0,0.0,0.0,0.0,0.0,1.0,0,1,11,0.3763,6,0,0,4
11.0,0,0,0,0.0,0.0,0.0,0.0,1.0,0,1,5,0.3871,6,0,0,9
11.0,0,0,0,0.0,0.0,0.0,0.0,1.0,0,1,10,0.3978,6,0,0,4
11.0,0,0,0,0.0,0.0,0.0,0.0,1.0,0,1,9,0.4086,6,0,0,4
11.0,0,0,0,0.0,0.0,0.0,0.0,1.0,0,0,4,0.4194,1,0,0,2
11.0,0,0,0,0.0,0.0,0.0,0.0,1.0,0,1,3,0.4301,2,0,0,9
12.0,0,0,3,0.0,0.0,0.0,0.0,1.0,0,0,48,0.4409,0,0,0,4
12.0,0,0,3,0.0,0.0,0.0,0.0,1.0,0,0,44,0.4516,0,0,0,4
12.0,0,0,3,0.0,0.0,0.0,0.0,1.0,0,0,31,0.4624,0,0,0,4
11.0,0,0,0,0.0,0.0,0.0,0.0,1.0,0,0,9,0.4731,9,0,1,5
10.0,0,1,1,0.0,0.0,0.0,0.0,1.0,0,0,7,0.4839,5,0,0,7
11.0,0,0,0,0.0,0.0,0.0,0.0,1.0,0,1,11,0.4946,6,0,0,4
11.0,0,0,0,0.0,0.0,0.0,0.0,1.0,0,1,5,0.5054,6,0,0,9
11.0,0,0,0,0.0,0.0,0.0,0.0,1.0,0,1,7,0.5161,6,0,0,9
11.0,0,0,0,0.0,0.0,0.0,0.0,1.0,0,1,10,0.5269,6,0,0,4
11.0,0,0,0,0.0,0.0,0.0,0.0,1.0,0,1,10,0.5376,6,0,0,4
11.0,0,0,0,0.0,0.0,0.0,0.0,1.0,0,1,8,0.5484,6,0,0,4
11.0,0,0,0,0.0,0.0,0.0,0.0,1.0,0,1,5,0.5591,2,0,0,9
12.0,0,0,3,0.0,0.0,0.0,0.0,1.0,0,0,71,0.5699,0,0,0,4
12.0,0,0,3,0.0,0.0,0.0,0.0,1.0,0,0,42,0.5806,0,0,0,4
12.0,0,0,3,0.0,0.0,0.0,0.0,1.0,0,0,39,0.5914,0,0,0,4
12.0,0,0,3,0.0,0.0,0.0,0.0,1.0,0,0,75,0.6022,0,0,0,4
12.0,0,0,3,0.0,0.0,0.0,0.0,1.0,0,0,58,0.6129,0,0,0,4
12.0,0,0,3,0.0,0.0,0.0,0.0,1.0,0,0,38,0.6237,0,0,0,4
11.0,0,0,0,0.0,0.0,0.0,0.0,1.0,0,0,9,0.6344,9,0,1,5
10.0,0,1,1,0.0,0.0,0.0,0.0,1.0,0,0,8,0.6452,5,0,0,7
11.0,0,0,0,0.0,0.0,0.0,0.0,1.0,0,1,9,0.6559,6,0,0,4
11.0,0,0,0,0.0,0.0,0.0,0.0,1.0,0,1,5,0.6667,6,0,0,9
11.0,0,0,0,0.0,0.0,0.0,0.0,1.0,0,1,7,0.6774,6,0,0,9
11.0,0,0,0,0.0,0.0,0.0,0.0,1.0,0,1,7,0.6882,6,0,0,9
11.0,0,0,0,0.0,0.0,0.0,0.0,1.0,0,1,3,0.6989,2,0,0,9
12.0,0,0,3,0.0,0.0,0.0,0.0,1.0,0,0,39,0.7097,0,0,0,4
12.0,0,0,3,0.0,0.0,0.0,0.0,1.0,0,0,101,0.7204,0,0,0,4
12.0,0,0,3,0.0,0.0,0.0,0.0,1.0,0,0,39,0.7312,0,0,0,4
12.0,0,0,3,0.0,0.0,0.0,0.0,1.0,0,0,45,0.7419,0,0,0,4
12.0,0,0,3,0.0,0.0,0.0,0.0,1.0,0,0,69,0.7527,0,0,0,4
11.0,0,0,0,0.0,0.0,0.0,0.0,1.0,0,0,9,0.7634,9,0,1,5
10.0,0,1,1,0.0,0.0,0.0,0.0,1.0,0,0,7,0.7742,5,0,0,7
11.0,0,0,0,0.0,0.0,0.0,0.0,1.0,0,0,4,0.7849,1,0,0,2
11.0,0,0,0,0.0,0.0,0.0,0.0,1.0,0,1,3,0.7957,2,0,0,9
12.0,0,0,3,0.0,0.0,0.0,0.0,1.0,0,0,74,0.8065,0,0,0,4
12.0,0,0,3,0.0,0.0,0.0,0.0,1.0,0,0,90,0.8172,0,0,0,4
12.0,0,0,3,0.0,0.0,0.0,0.0,1.0,0,0,67,0.828,0,0,0,4
12.0,0,0,3,0.0,0.0,0.0,0.0,1.0,0,0,89,0.8387,0,0,0,4
11.0,0,0,0,0.0,0.0,0.0,0.0,1.0,0,0,9,0.8495,9,0,1,5
10.0,0,1,1,0.0,0.0,0.0,0.0,1.0,0,0,7,0.8602,5,0,0,7
11.0,0,0,0,0.0,0.0,0.0,0.0,1.0,0,1,3,0.871,2,0,0,9
12.0,0,0,3,0.0,0.0,0.0,0.0,1.0,0,0,32,0.8817,0,0,0,4
12.0,0,0,3,0.0,0.0,0.0,0.0,1.0,0,0,77,0.8925,0,0,0,4
12.0,0,0,3,0.0,0.0,0.0,0.0,1.0,0,0,87,0.9032,0,0,0,4
11.0,0,0,0,0.0,0.0,0.0,0.0,1.0,0,0,1,0.914,1,0,0,4
10.0,0,0,0,0.0,0.0,0.0,0.0,1.0,0,1,11,0.9247,0,0,0,8
10.0,0,0,0,0.0,0.0,0.0,0.0,1.0,0,1,11,0.9355,0,0,0,8
10.0,0,0,0,0.0,0.0,0.0,0.0,1.0,0,1,13,0.9462,0,0,0,8
10.0,0,0,0,0.0,0.0,0.0,0.0,1.0,0,1,11,0.957,0,0,0,8
10.0,0,0,0,0.0,0.0,0.0,0.0,1.0,0,1,10,0.9677,0,0,0,8
10.0,0,0,0,0.0,0.0,0.0,0.0,1.0,0,1,13,0.9785,0,0,0,8
10.0,0,0,0,0.0,0.0,0.0,0.0,1.0,0,1,11,0.9892,0,0,0,8
11.0,0,0,0,0.0,0.0,0.0,0.0,1.0,0,0,7,0.0,4,0,0,4
13.0,0,1,1,0.0,0.0,0.0,0.0,1.0,0,0,2,0.0118,0,0,0,4
11.0,0,0,0,0.0,0.0,0.0,0.0,1.0,0,0,4,0.0235,1,0,0,2
11.0,0,0,0,0.0,0.0,0.0,0.0,1.0,0,1,5,0.0353,2,0,0,9
12.0,0,0,3,0.0,0.0,0.0,0.0,1.0,0,0,100,0.0471,0,0,0,4
12.0,0,0,3,0.0,0.0,0.0,0.0,1.0,0,0,50,0.0588,0,0,0,4
12.0,0,0,3,0.0,0.0,0.0,0.0,1.0,0,0,87,0.0706,0,0,0,4
12.0,0,0,3,0.0,0.0,0.0,0.0,1.0,0,0,106,0.0824,0,0,0,4
12.0,0,0,3,0.0,0.0,0.0,0.0,1.0,0,0,94,0.0941,0,0,0,4
12.0,0,0,3,0.0,0.0,0.0,0.0,1.0,0,0,80,0.1059,0,0,0,4
10.0,0,1,1,0.0,0.0,0.0,0.0,1.0,0,0,6,0.1176,5,0,0,7
11.0,0,0,0,0.0,0.0,0.0,0.0,1.0,0,1,6,0.1294,6,0,0,9
11.0,0,0,0,0.0,0.0,0.0,0.0,1.0,0,1,9,0.1412,6,0,0,4
11.0,0,0,0,0.0,0.0,0.0,0.0,1.0,0,1,6,0.1529,6,0,0,9
11.0,0,0,0,0.0,0.0,0.0,0.0,1.0,0,1,3,0.1647,2,0,0,9
12.0,0,0,3,0.0,0.0,0.0,0.0,1.0,0,0,58,0.1765,0,0,0,4
12.0,0,0,3,0.0,0.0,0.0,0.0,1.0,0,0,50,0.1882,0,0,0,4
12.0,0,0,3,0.0,0.0,0.0,0.0,1.0,0,0,75,0.2,0,0,0,4
12.0,0,0,3,0.0,0.0,0.0,0.0,1.0,0,0,41,0.2118,0,0,0,4
12.0,0,0,3,0.0,0.0,0.0,0.0,1.0,0,0,48,0.2235,0,0,0,4
11.0,0,0,0,0.0,0.0,0.0,0.0,1.0,0,0,9,0.2353,9,0,1,5
10.0,0,1,1,0.0,0.0,0.0,0.0,1.0,0,0,7,0.2471,5,0,0,7
11.0,0,0,0,0.0,0.0,0.0,0.0,1.0,0,1,3,0.2588,2,0,0,9
12.0,0,0,3,0.0,0.0,0.0,0.0,1.0,0,0,69,0.2706,0,0,0,4
12.0,0,0,3,0.0,0.0,0.0,0.0,1.0,0,0,100,0.2824,0,0,0,4
12.0,0,0,3,0.0,0.0,0.0,0.0,1.0,0,0,35,0.2941,0,0,0,4
12.0,0,0,3,0.0,0.0,0.0,0.0,1.0,0,0,71,0.3059,0,0,0,4
12.0,0,0,3,0.0,0.0,0.0,0.0,1.0,0,0,62,0.3176,0,0,0,4
12.0,0,0,3,0.0,0.0,0.0,0.0,1.0,0,0,53,0.3294,0,0,0,4
11.0,0,0,0,0.0,0.0,0.0,0.0,1.0,0,0,9,0.3412,9,0,1,5
10.0,0,1,1,0.0,0.0,0.0,0.0,1.0,0,0,7,0.3529,5,0,0,7
11.0,0,0,0,0.0,0.0,0.0,0.0,1.0,0,1,7,0.3647,6,0,0,9
11.0,0,0,0,0.0,0.0,0.0,0.0,1.0,0,1,9,0.3765,6,0,0,4
11.0,0,0,0,0.0,0.0,0.0,0.0,1.0,0,1,11,0.3882,6,0,0,4
11.0,0,0,0,0.0,0.0,0.0,0.0,1.0,0,1,7,0.4,6,0,0,9
11.0,0,0,0,0.0,0.0,0.0,0.0,1.0,0,1,7,0.4118,6,0,0,9
11.0,0,0,0,0.0,0.0,0.0,0.0,1.0,0,0,6,0.4235,1,0,0,2
11.0,0,0,0,0.0,0.0,0.0,0.0,1.0,0,1,3,0.4353,2,0,0,9
12.0,0,0,3,0.0,0.0,0.0,0.0,1.0,0,0,50,0.4471,0,0,0,4
12.0,0,0,3,0.0,0.0,0.0,0.0,1.0,0,0,62,0.4588,0,0,0,4
12.0,0,0,3,0.0,0.0,0.0,0.0,1.0,0,0,82,0.4706,0,0,0,4
12.0,0,0,3,0.0,0.0,0.0,0.0,1.0,0,0,69,0.4824,0,0,0,4
11.0,0,0,0,0.0,0.0,0.0,0.0,1.0,0,1,8,0.4941,6,0,0,4
11.0,0,0,0,0.0,0.0,0.0,0.0,1.0,0,1,10,0.5059,6,0,0,4
11.0,0,0,0,0.0,0.0,0.0,0.0,1.0,0,1,10,0.5176,6,0,0,4
11.0,0,0,0,0.0,0.0,0.0,0.0,1.0,0,1,3,0.5294,2,0,0,9
12.0,0,0,3,0.0,0.0,0.0,0.0,1.0,0,0,79,0.5412,0,0,0,4
12.0,0,0,3,0.0,0.0,0.0,0.0,1.0,0,0,79,0.5529,0,0,0,4
12.0,0,0,3,0.0,0.0,0.0,0.0,1.0,0,0,75,0.5647,0,0,0,4
11.0,0,0,0,0.0,0.0,0.0,0.0,1.0,0,1,4,0.5765,2,0,0,9
12.0,0,0,3,0.0,0.0,0.0,0.0,1.0,0,0,35,0.5882,0,0,0,4
12.0,0,0,3,0.0,0.0,0.0,0.0,1.0,0,0,78,0.6,0,0,0,4
12.0,0,0,3,0.0,0.0,0.0,0.0,1.0,0,0,55,0.6118,0,0,0,4
11.0,0,0,0,0.0,0.0,0.0,0.0,1.0,0,0,4,0.6235,1,0,0,2
11.0,0,0,0,0.0,0.0,0.0,0.0,1.0,0,1,3,0.6353,2,0,0,9
12.0,0,0,3,0.0,0.0,0.0,0.0,1.0,0,0,46,0.6471,0,0,0,4
12.0,0,0,3,0.0,0.0,0.0,0.0,1.0,0,0,35,0.6588,0,0,0,4
12.0,0,0,3,0.0,0.0,0.0,0.0,1.0,0,0,40,0.6706,0,0,0,4
12.0,0,0,3,0.0,0.0,0.0,0.0,1.0,0,0,58,0.6824,0,0,0,4
11.0,0,0,0,0.0,0.0,0.0,0.0,1.0,0,1,5,0.6941,6,0,0,9
11.0,0,0,0,0.0,0.0,0.0,0.0,1.0,0,1,5,0.7059,6,0,0,9
11.0,0,0,0,0.0,0.0,0.0,0.0,1.0,0,1,8,0.7176,6,0,0,4
11.0,0,0,0,0.0,0.0,0.0,0.0,1.0,0,1,3,0.7294,2,0,0,9
12.0,0,0,3,0.0,0.0,0.0,0.0,1.0,0,0,70,0.7412,0,0,0,4
12.0,0,0,3,0.0,0.0,0.0,0.0,1.0,0,0,90,0.7529,0,0,0,4
12.0,0,0,3,0.0,0.0,0.0,0.0,1.0,0,0,64,0.7647,0,0,0,4
11.0,0,0,0,0.0,0.0,0.0,0.0,1.0,0,0,9,0.7765,9,0,1,5
10.0,0,1,1,0.0,0.0,0.0,0.0,1.0,0,0,7,0.7882,5,0,0,7
11.0,0,0,0,0.0,0.0,0.0,0.0,1.0,0,1,4,0.8,2,0,0,9
12.0,0,0,3,0.0,0.0,0.0,0.0,1.0,0,0,45,0.8118,0,0,0,4
12.0,0,0,3,0.0,0.0,0.0,0.0,1.0,0,0,35,0.8235,0,0,0,4
12.0,0,0,3,0.0,0.0,0.0,0.0,1.0,0,0,79,0.8353,0,0,0,4
12.0,0,0,3,0.0,0.0,0.0,0.0,1.0,0,0,56,0.8471,0,0,0,4
11.0,0,0,0,0.0,0.0,0.0,0.0,1.0,0,1,4,0.8588,2,0,0,9
12.0,0,0,3,0.0,0.0,0.0,0.0,1.0,0,0,70,0.8706,0,0,0,4
12.0,0,0,3,0.0,0.0,0.0,0.0,1.0,0,0,83,0.8824,0,0,0,4
12.0,0,0,3,0.0,0.0,0.0,0.0,1.0,0,0,35,0.8941,0,0,0,4
12.0,0,0,3,0.0,0.0,0.0,0.0,1.0,0,0,81,0.9059,0,0,0,4
11.0,0,0,0,0.0,0.0,0.0,0.0,1.0,0,0,1,0.9176,1,0,0,4
10.0,0,0,0,0.0,0.0,0.0,0.0,1.0,0,1,10,0.9294,0,0,0,8
10.0,0,0,0,0.0,0.0,0.0,0.0,1.0,0,1,12,0.9412,0,0,0,8
10.0,0,0,0,0.0,0.0,0.0,0.0,1.0,0,1,11,0.9529,0,0,0,8
10.0,0,0,0,0.0,0.0,0.0,0.0,1.0,0,1,10,0.9647,0,0,0,8
10.0,0,0,0,0.0,0.0,0.0,0.0,1.0,0,1,11,0.9765,0,0,0,8
10.0,0,0,0,0.0,0.0,0.0,0.0,1.0,0,1,11,0.9882,0,0,0,8
11.0,0,0,0,0.0,0.0,0.0,0.0,1.0,0,0,5,0.0,4,0,0,4
13.0,0,1,1,0.0,0.0,0.0,0.0,1.0,0,0,3,0.0088,0,0,0,4
11.0,0,0,0,0.0,0.0,0.0,0.0,1.0,0,0,6,0.0177,1,0,0,2
11.0,0,0,0,0.0,0.0,0.0,0.0,1.0,0,1,4,0.0265,2,0,0,9
12.0,0,0,3,0.0,0.0,0.0,0.0,1.0,0,0,83,0.0354,0,0,0,4
12.0,0,0,3,0.0,0.0,0.0,0.0,1.0,0,0,68,0.0442,0,0,0,4
12.0,0,0,3,0.0,0.0,0.0,0.0,1.0,0,0,56,0.0531,0,0,0,4
12.0,0,0,3,0.0,0.0,0.0,0.0,1.0,0,0,79,0.0619,0,0,0,4
12.0,0,0,3,0.0,0.0,0.0,0.0,1.0,0,0,67,0.0708,0,0,0,4
12.0,0,0,3,0.0,0.0,0.0,0.0,1.0,0,0,79,0.0796,0,0,0,4
11.0,0,0,0,0.0,0.0,0.0,0.0,1.0,0,0,9,0.0885,9,0,1,5
10.0,0,1,1,0.0,0.0,0.0,0.0,1.0,0,0,7,0.0973,5,0,0,7
10.0,0,1,1,0.0,0.0,0.0,0.0,1.0,0,0,6,0.1062,5,0,0,7
11.0,0,0,0,0.0,0.0,0.0,0.0,1.0,0,1,3,0.115,2,0,0,9
12.0,0,0,3,0.0,0.0,0.0,0.0,1.0,0,0,84,0.1239,0,0,0,4
12.0,0,0,3,0.0,0.0,0.0,0.0,1.0,0,0,49,0.1327,0,0,0,4
12.0,0,0,3,0.0,0.0,0.0,0.0,1.0,0,0,69,0.1416,0,0,0,4
12.0,0,0,3,0.0,0.0,0.0,0.0,1.0,0,0,51,0.1504,0,0,0,4
12.0,0,0,3,0.0,0.0,0.0,0.0,1.0,0,0,66,0.1593,0,0,0,4
11.0,0,0,0,0.0,0.0,0.0,0.0,1.0,0,0,5,0.1681,1,0,0,2
11.0,0,0,0,0.0,0.0,0.0,0.0,1.0,0,1,3,0.177,2,0,0,9
12.0,0,0,3,0.0,0.0,0.0,0.0,1.0,0,0,73,0.1858,0,0,0,4
12.0,0,0,3,0.0,0.0,0.0,0.0,1.0,0,0,73,0.1947,0,0,0,4
12.0,0,0,3,0.0,0.0,0.0,0.0,1.0,0,0,100,0.2035,0,0,0,4
12.0,0,0,3,0.0,0.0,0.0,0.0,1.0,0,0,55,0.2124,0,0,0,4
12.0,0,0,3,0.0,0.0,0.0,0.0,1.0,0,0,43,0.2212,0,0,0,4
12.0,0,0,3,0.0,0.0,0.0,0.0,1.0,0,0,90,0.2301,0,0,0,4
10.0,0,1,1,0.0,0.0,0.0,0.0,1.0,0,0,6,0.2389,5,0,0,7
11.0,0,0,0,0.0,0.0,0.0,0.0,1.0,0,1,3,0.2478,2,0,0,9
12.0,0,0,3,0.0,0.0,0.0,0.0,1.0,0,0,96,0.2566,0,0,0,4
12.0,0,0,3,0.0,0.0,0.0,0.0,1.0,0,0,83,0.2655,0,0,0,4
12.0,0,0,3,0.0,0.0,0.0,0.0,1.0,0,0,54,0.2743,0,0,0,4
12.0,0,0,3,0.0,0.0,0.0,0.0,1.0,0,0,88,0.2832,0,0,0,4
12.0,0,0,3,0.0,0.0,0.0,0.0,1.0,0,0,54,0.292,0,0,0,4
12.0,0,0,3,0.0,0.0,0.0,0.0,1.0,0,0,90,0.3009,0,0,0,4
11.0,0,0,0,0.0,0.0,0.0,0.0,1.0,0,0,4,0.3097,1,0,0,2
11.0,0,0,0,0.0,0.0,0.0,0.0,1.0,0,1,3,0.3186,2,0,0,9
12.0,0,0,3,0.0,0.0,0.0,0.0,1.0,0,0,72,0.3274,0,0,0,4
12.0,0,0,3,0.0,0.0,0.0,0.0,1.0,0,0,93,0.3363,0,0,0,4
12.0,0,0,3,0.0,0.0,0.0,0.0,1.0,0,0,84,0.3451,0,0,0,4
11.0,0,0,0,0.0,0.0,0.0,0.0,1.0,0,1,3,0.354,2,0,0,9
12.0,0,0,3,0.0,0.0,0.0,0.0,1.0,0,0,45,0.3628,0,0,0,4
12.0,0,0,3,0.0,0.0,0.0,0.0,1.0,0,0,57,0.3717,0,0,0,4
12.0,0,0,3,0.0,0.0,0.0,0.0,1.0,0,0,34,0.3805,0,0,0,4
12.0,0,0,3,0.0,0.0,0.0,0.0,1.0,0,0,41,0.3894,0,0,0,4
10.0,0,1,1,0.0,0.0,0.0,0.0,1.0,0,0,6,0.3982,5,0,0,7
11.0,0,0,0,0.0,0.0,0.0,0.0,1.0,0,1,3,0.4071,2,0,0,9
12.0,0,0,3,0.0,0.0,0.0,0.0,1.0,0,0,79,0.4159,0,0,0,4
12.0,0,0,3,0.0,0.0,0.0,0.0,1.0,0,0,69,0.4248,0,0,0,4
12.0,0,0,3,0.0,0.0,0.0,0.0,1.0,0,0,77,0.4336,0,0,0,4
11.0,0,0,0,0.0,0.0,0.0,0.0,1.0,0,0,4,0.4425,1,0,0,2
11.0,0,0,0,0.0,0.0,0.0,0.0,1.0,0,1,3,0.4513,2,0,0,9
12.0,0,0,3,0.0,0.0,0.0,0.0,1.0,0,0,58,0.4602,0,0,0,4
12.0,0,0,3,0.0,0.0,0.0,0.0,1.0,0,0,94,0.469,0,0,0,4
12.0,0,0,3,0.0,0.0,0.0,0.0,1.0,0,0,100,0.4779,0,0,0,4
12.0,0,0,3,0.0,0.0,0.0,0.0,1.0,0,0,77,0.4867,0,0,0,4
12.0,0,0,3,0.0,0.0,0.0,0.0,1.0,0,0,76,0.4956,0,0,0,4
11.0,0,0,0,0.0,0.0,0.0,0.0,1.0,0,1,7,0.5044,6,0,0,9
11.0,0,0,0,0.0,0.0,0.0,0.0,1.0,0,1,7,0.5133,6,0,0,9
11.0,0,0,0,0.0,0.0,0.0,0.0,1.0,0,1,6,0.5221,6,0,0,9
11.0,0,0,0,0.0,0.0,0.0,0.0,1.0,0,1,6,0.531,6,0,0,9
11.0,0,0,0,0.0,0.0,0.0,0.0,1.0,0,1,8,0.5398,6,0,0,4
11.0,0,0,0,0.0,0.0,0.0,0.0,1.0,0,1,3,0.5487,2,0,0,9
12.0,0,0,3,0.0,0.0,0.0,0.0,1.0,0,0,44,0.5575,0,0,0,4
12.0,0,0,3,0.0,0.0,0.0,0.0,1.0,0,0,83,0.5664,0,0,0,4
12.0,0,0,3,0.0,0.0,0.0,0.0,1.0,0,0,81,0.5752,0,0,0,4
11.0,0,0,0,0.0,0.0,0.0,0.0,1.0,0,1,9,0.5841,6,0,0,4
11.0,0,0,0,0.0,0.0,0.0,0.0,1.0,0,1,6,0.5929,6,0,0,9
11.0,0,0,0,0.0,0.0,0.0,0.0,1.0,0,1,10,0.6018,6,0,0,4
11.0,0,0,0,0.0,0.0,0.0,0.0,1.0,0,1,5,0.6106,2,0,0,9
12.0,0,0,3,0.0,0.0,0.0,0.0,1.0,0,0,37,0.6195,0,0,0,4
12.0,0,0,3,0.0,0.0,0.0,0.0,1.0,0,0,40,0.6283,0,0,0,4
12.0,0,0,3,0.0,0.0,0.0,0.0,1.0,0,0,91,0.6372,0,0,0,4
12.0,0,0,3,0.0,0.0,0.0,0.0,1.0,0,0,81,0.646,0,0,0,4
11.0,0,0,0,0.0,0.0,0.0,0.0,1.0,0,0,9,0.6549,9,0,1,5
10.0,0,1,1,0.0,0.0,0.0,0.0,1.0,0,0,9,0.6637,5,0,0,7
11.0,0,0,0,0.0,0.0,0.0,0.0,1.0,0,0,4,0.6726,1,0,0,2
11.0,0,0,0,0.0,0.0,0.0,0.0,1.0,0,1,3,0.6814,2,0,0,9
12.0,0,0,3,0.0,0.0,0.0,0.0,1.0,0,0,68,0.6903,0,0,0,4
12.0,0,0,3,0.0,0.0,0.0,0.0,1.0,0,0,79,0.6991,0,0,0,4
12.0,0,0,3,0.0,0.0,0.0,0.0,1.0,0,0,90,0.708,0,0,0,4
12.0,0,0,3,0.0,0.0,0.0,0.0,1.0,0,0,58,0.7168,0,0,0,4
12.0,0,0,3,0.0,0.0,0.0,0.0,1.0,0,0,50,0.7257,0,0,0,4
10.0,0,1,1,0.0,0.0,0.0,0.0,1.0,0,0,6,0.7345,5,0,0,7
11.0,0,0,0,0.0,0.0,0.0,0.0,1.0,0,1,9,0.7434,6,0,0,4
11.0,0,0,0,0.0,0.0,0.0,0.0,1.0,0,1,7,0.7522,6,0,0,9
11.0,0,0,0,0.0,0.0,0.0,0.0,1.0,0,1,7,0.7611,6,0,0,9
11.0,0,0,0,0.0,0.0,0.0,0.0,1.0,0,1,11,0.7699,6,0,0,4
11.0,0,0,0,0.0,0.0,0.0,0.0,1.0,0,1,3,0.7788,2,0,0,9
12.0,0,0,3,0.0,0.0,0.0,0.0,1.0,0,0,47,0.7876,0,0,0,4
12.0,0,0,3,0.0,0.0,0.0,0.0,1.0,0,0,40,0.7965,0,0,0,4
12.0,0,0,3,0.0,0.0,0.0,0.0,1.0,0,0,35,0.8053,0,0,0,4
11.0,0,0,0,0.0,0.0,0.0,0.0,1.0,0,0,9,0.8142,9,0,1,5
10.0,0,1,1,0.0,0.0,0.0,0.0,1.0,0,0,9,0.823,5,0,0,7
10.0,0,1,1,0.0,0.0,0.0,0.0,1.0,0,0,6,0.8319,5,0,0,7
11.0,0,0,0,0.0,0.0,0.0,0.0,1.0,0,1,3,0.8407,2,0,0,9
12.0,0,0,3,0.0,0.0,0.0,0.0,1.0,0,0,49,0.8496,0,0,0,4
12.0,0,0,3,0.0,0.0,0.0,0.0,1.0,0,0,73,0.8584,0,0,0,4
12.0,0,0,3,0.0,0.0,0.0,0.0,1.0,0,0,60,0.8673,0,0,0,4
12.0,0,0,3,0.0,0.0,0.0,0.0,1.0,0,0,41,0.8761,0,0,0,4
12.0,0,0,3,0.0,0.0,0.0,0.0,1.0,0,0,93,0.885,0,0,0,4
11.0,0,0,0,0.0,0.0,0.0,0.0,1.0,0,0,9,0.8938,9,0,1,5
10.0,0,1,1,0.0,0.0,0.0,0.0,1.0,0,0,7,0.9027,5,0,0,7
10.0,0,1,1,0.0,0.0,0.0,0.0,1.0,0,0,6,0.9115,5,0,0,7
11.0,0,0,0,0.0,0.0,0.0,0.0,1.0,0,0,1,0.9204,1,0,0,4
10.0,0,0,0,0.0,0.0,0.0,0.0,1.0,0,1,10,0.9292,0,0,0,8
10.0,0,0,0,0.0,0.0,0.0,0.0,1.0,0,1,11,0.9381,0,0,0,8
10.0,0,0,0,0.0,0.0,0.0,0.0,1.0,0,1,11,0.9469,0,0,0,8
10.0,0,0,0,0.0,0.0,0.0,0.0,1.0,0,1,11,0.9558,0,0,0,8
10.0,0,0,0,0.0,0.0,0.0,0.0,1.0,0,1,11,0.9646,0,0,0,8
10.0,0,0,0,0.0,0.0,0.0,0.0,1.0,0,1,11,0.9735,0,0,0,8
10.0,0,0,0,0.0,0.0,0.0,0.0,1.0,0,1,10,0.9823,0,0,0,8
10.0,0,0,0,0.0,0.0,0.0,0.0,1.0,0,1,11,0.9912,0,0,0,8
14.0,1,0,1,0.0,0.0,0.0,2.0,1.0,0,0,2,0.0,0,0,0,2
20.0,1,0,1,0.0,0.0,0.0,24.0,1.0,0,0,5,0.0435,0,0,0,2
13.0,1,0,0,0.0,0.0,14.0,6.0,1.0,0,0,3,0.087,0,0,0,3
11.5,0,0,3,0.0,1.0,0.0,6.0,1.3,0,0,22,0.1304,0,0,0,4
11.5,0,0,3,0.0,1.0,0.0,6.0,1.3,0,0,23,0.1739,0,0,0,4
13.0,1,0,0,0.0,0.0,14.0,6.0,1.0,0,0,3,0.2174,0,0,0,3
11.5,0,0,3,0.0,1.0,0.0,6.0,1.3,0,0,20,0.2609,0,0,0,4
11.0,1,0,0,0.0,0.0,0.0,0.0,1.0,0,0,15,0.3043,9,0,1,5
10.0,0,1,1,0.0,0.0,0.0,12.0,1.0,0,0,6,0.3478,0,0,0,7
13.0,1,0,0,0.0,0.0,14.0,6.0,1.0,0,0,2,0.3913,0,0,0,3
11.5,0,0,3,0.0,1.0,0.0,6.0,1.3,0,0,18,0.4348,0,0,0,4
11.0,0,0,1,0.0,0.0,0.0,0.0,1.0,0,0,0,0.4783,0,1,0,6
10.0,0,1,1,0.0,0.0,0.0,12.0,1.0,0,0,6,0.5217,0,0,0,7
13.0,1,0,0,0.0,0.0,14.0,6.0,1.0,0,0,1,0.5652,0,0,0,3
11.5,0,0,3,0.0,1.0,0.0,6.0,1.3,0,0,5,0.6087,0,0,0,4
11.5,0,0,3,0.0,1.0,0.0,6.0,1.0,0,0,5,0.6522,0,0,0,4
11.5,0,0,0,1.0,0.0,0.0,2.0,1.0,0,1,5,0.6957,0,0,0,9
11.5,0,0,0,1.0,0.0,0.0,2.0,1.0,0,1,3,0.7391,0,0,0,9
11.5,0,0,0,1.0,0.0,0.0,2.0,1.0,0,1,4,0.7826,0,0,0,9
11.5,0,0,0,1.0,0.0,0.0,2.0,1.0,0,1,4,0.8261,0,0,0,9
13.0,1,0,0,0.0,0.0,16.0,6.0,1.0,0,0,2,0.8696,0,0,0,3
10.5,0,0,3,0.6,0.0,0.0,3.0,1.0,0,1,11,0.913,0,0,0,8
10.5,0,0,3,0.6,0.0,0.0,3.0,1.0,0,1,13,0.9565,0,0,0,8
14.0,1,0,1,0.0,0.0,0.0,2.0,1.0,0,0,2,0.0,0,0,0,2
20.0,1,0,1,0.0,0.0,0.0,24.0,1.0,0,0,4,0.0455,0,0,0,2
13.0,1,0,0,0.0,0.0,14.0,6.0,1.0,0,0,3,0.0909,0,0,0,3
11.5,0,0,3,0.0,1.0,0.0,6.0,1.3,0,0,25,0.1364,0,0,0,4
13.0,1,0,0,0.0,0.0,14.0,6.0,1.0,0,0,4,0.1818,0,0,0,3
11.5,0,0,3,0.0,1.0,0.0,6.0,1.3,0,0,26,0.2273,0,0,0,4
11.0,1,0,0,0.0,0.0,0.0,0.0,1.0,0,0,15,0.2727,9,0,1,5
10.0,0,1,1,0.0,0.0,0.0,12.0,1.0,0,0,6,0.3182,0,0,0,7
13.0,1,0,0,0.0,0.0,14.0,6.0,1.0,0,0,3,0.3636,0,0,0,3
11.5,0,0,3,0.0,1.0,0.0,6.0,1.3,0,0,27,0.4091,0,0,0,4
11.0,0,0,1,0.0,0.0,0.0,0.0,1.0,0,0,0,0.4545,0,1,0,6
10.0,0,1,1,0.0,0.0,0.0,12.0,1.0,0,0,6,0.5,0,0,0,7
13.0,1,0,0,0.0,0.0,14.0,6.0,1.0,0,0,2,0.5455,0,0,0,3
11.5,0,0,3,0.0,1.0,0.0,6.0,1.3,0,0,7,0.5909,0,0,0,4
11.5,0,0,3,0.0,1.0,0.0,6.0,1.0,0,0,5,0.6364,0,0,0,4
11.5,0,0,0,1.0,0.0,0.0,2.0,1.0,0,1,5,0.6818,0,0,0,9
11.5,0,0,0,1.0,0.0,0.0,2.0,1.0,0,1,3,0.7273,0,0,0,9
11.5,0,0,0,1.0,0.0,0.0,2.0,1.0,0,1,4,0.7727,0,0,0,9
11.5,0,0,0,1.0,0.0,0.0,2.0,1.0,0,1,4,0.8182,0,0,0,9
13.0,1,0,0,0.0,0.0,16.0,6.0,1.0,0,0,2,0.8636,0,0,0,3
10.5,0,0,3,0.6,0.0,0.0,3.0,1.0,0,1,11,0.9091,0,0,0,8
10.5,0,0,3,0.6,0.0,0.0,3.0,1.0,0,1,13,0.9545,0,0,0,8
14.0,1,0,1,0.0,0.0,0.0,2.0,1.0,0,0,2,0.0,0,0,0,2
20.0,1,0,1,0.0,0.0,0.0,24.0,1.0,0,0,5,0.0455,0,0,0,2
13.0,1,0,0,0.0,0.0,14.0,6.0,1.0,0,0,2,0.0909,0,0,0,3
11.5,0,0,3,0.0,1.0,0.0,6.0,1.3,0,0,24,0.1364,0,0,0,4
13.0,1,0,0,0.0,0.0,14.0,6.0,1.0,0,0,3,0.1818,0,0,0,3
11.5,0,0,3,0.0,1.0,0.0,6.0,1.3,0,0,12,0.2273,0,0,0,4
11.0,1,0,0,0.0,0.0,0.0,0.0,1.0,0,0,15,0.2727,9,0,1,5
10.0,0,1,1,0.0,0.0,0.0,12.0,1.0,0,0,6,0.3182,0,0,0,7
13.0,1,0,0,0.0,0.0,14.0,6.0,1.0,0,0,2,0.3636,0,0,0,3
11.5,0,0,3,0.0,1.0,0.0,6.0,1.3,0,0,16,0.4091,0,0,0,4
11.0,0,0,1,0.0,0.0,0.0,0.0,1.0,0,0,0,0.4545,0,1,0,6
10.0,0,1,1,0.0,0.0,0.0,12.0,1.0,0,0,6,0.5,0,0,0,7
13.0,1,0,0,0.0,0.0,14.0,6.0,1.0,0,0,2,0.5455,0,0,0,3
11.5,0,0,3,0.0,1.0,0.0,6.0,1.3,0,0,7,0.5909,0,0,0,4
11.5,0,0,3,0.0,1.0,0.0,6.0,1.0,0,0,5,0.6364,0,0,0,4
11.5,0,0,0,1.0,0.0,0.0,2.0,1.0,0,1,5,0.6818,0,0,0,9
11.5,0,0,0,1.0,0.0,0.0,2.0,1.0,0,1,3,0.7273,0,0,0,9
11.5,0,0,0,1.0,0.0,0.0,2.0,1.0,0,1,4,0.7727,0,0,0,9
11.5,0,0,0,1.0,0.0,0.0,2.0,1.0,0,1,4,0.8182,0,0,0,9
13.0,1,0,0,0.0,0.0,16.0,6.0,1.0,0,0,2,0.8636,0,0,0,3
10.5,0,0,3,0.6,0.0,0.0,3.0,1.0,0,1,11,0.9091,0,0,0,8
10.5,0,0,3,0.6,0.0,0.0,3.0,1.0,0,1,13,0.9545,0,0,0,8
16.0,1,0,1,0.0,0.0,0.0,8.0,1.0,0,0,10,0.0,0,0,0,0
11.0,0,1,1,0.0,0.0,0.0,18.0,1.0,0,0,8,0.0435,0,0,0,1
12.0,1,0,0,0.0,0.0,0.0,4.0,1.0,0,0,1,0.087,0,0,0,3
10.0,0,0,3,0.0,0.0,0.0,12.0,1.0,0,0,29,0.1304,0,0,0,4
13.0,1,0,0,0.0,0.0,14.0,6.0,1.0,0,1,2,0.1739,0,0,0,2
10.5,0,0,3,0.0,0.499,0.0,6.0,1.15,0,0,15,0.2174,0,0,0,4
13.0,1,0,0,0.0,0.0,14.0,6.0,1.0,0,1,2,0.2609,0,0,0,2
10.5,0,0,3,0.0,0.499,0.0,6.0,1.15,0,0,18,0.3043,0,0,0,4
11.0,0,0,1,0.0,0.0,0.0,0.0,1.0,0,0,0,0.3478,0,1,0,6
9.0,0,1,1,0.0,0.0,0.0,10.0,1.0,0,0,7,0.3913,0,0,0,7
13.0,1,0,0,0.0,0.0,14.0,6.0,1.0,0,1,2,0.4348,0,0,0,2
10.5,0,0,3,0.0,0.499,0.0,6.0,1.15,0,0,13,0.4783,0,0,0,4
11.0,1,0,0,0.0,0.0,0.0,0.0,1.0,0,0,9,0.5217,9,0,1,5
9.0,0,1,1,0.0,0.0,0.0,10.0,1.0,0,0,7,0.5652,0,0,0,7
13.0,1,0,0,0.0,0.0,14.0,6.0,1.0,0,1,2,0.6087,0,0,0,2
10.5,0,0,3,0.0,0.499,0.0,6.0,1.15,0,0,19,0.6522,0,0,0,4
10.5,0,0,0,0.801,0.0,0.0,2.0,1.0,0,1,4,0.6957,0,0,0,9
10.5,0,0,0,0.801,0.0,0.0,2.0,1.0,0,1,5,0.7391,0,0,0,9
10.5,0,0,0,0.801,0.0,0.0,2.0,1.0,0,1,5,0.7826,0,0,0,9
13.0,1,0,0,0.0,0.0,16.0,6.0,1.0,0,0,1,0.8261,0,0,0,2
9.5,0,0,3,0.499,0.0,0.0,3.0,1.0,0,1,12,0.8696,0,0,0,8
9.5,0,0,3,0.499,0.0,0.0,3.0,1.0,0,1,15,0.913,0,0,0,8
9.5,0,0,3,0.499,0.0,0.0,3.0,1.0,0,1,13,0.9565,0,0,0,8
16.0,1,0,1,0.0,0.0,0.0,8.0,1.0,0,0,8,0.0,0,0,0,0
11.0,0,1,1,0.0,0.0,0.0,18.0,1.0,0,0,4,0.0476,0,0,0,1
12.0,1,0,0,0.0,0.0,0.0,4.0,1.0,0,0,1,0.0952,0,0,0,3
10.0,0,0,3,0.0,0.0,0.0,12.0,1.0,0,0,37,0.1429,0,0,0,4
13.0,1,0,0,0.0,0.0,14.0,6.0,1.0,0,1,3,0.1905,0,0,0,2
10.5,0,0,3,0.0,0.499,0.0,6.0,1.15,0,0,21,0.2381,0,0,0,4
11.0,1,0,0,0.0,0.0,0.0,0.0,1.0,0,0,9,0.2857,9,0,1,5
9.0,0,1,1,0.0,0.0,0.0,10.0,1.0,0,0,7,0.3333,0,0,0,7
13.0,1,0,0,0.0,0.0,14.0,6.0,1.0,0,1,3,0.381,0,0,0,2
10.5,0,0,3,0.0,0.499,0.0,6.0,1.15,0,0,24,0.4286,0,0,0,4
10.5,0,0,0,0.801,0.0,0.0,2.0,1.0,0,1,4,0.4762,0,0,0,9
10.5,0,0,0,0.801,0.0,0.0,2.0,1.0,0,1,5,0.5238,0,0,0,9
10.5,0,0,0,0.801,0.0,0.0,2.0,1.0,0,1,5,0.5714,0,0,0,9
13.0,1,0,0,0.0,0.0,14.0,6.0,1.0,0,1,3,0.619,0,0,0,2
10.5,0,0,3,0.0,0.499,0.0,6.0,1.15,0,0,13,0.6667,0,0,0,4
11.0,0,0,1,0.0,0.0,0.0,0.0,1.0,0,0,0,0.7143,0,1,0,6
9.0,0,1,1,0.0,0.0,0.0,10.0,1.0,0,0,7,0.7619,0,0,0,7
13.0,1,0,0,0.0,0.0,16.0,6.0,1.0,0,0,1,0.8095,0,0,0,2
9.5,0,0,3,0.499,0.0,0.0,3.0,1.0,0,1,12,0.8571,0,0,0,8
9.5,0,0,3,0.499,0.0,0.0,3.0,1.0,0,1,15,0.9048,0,0,0,8
9.5,0,0,3,0.499,0.0,0.0,3.0,1.0,0,1,13,0.9524,0,0,0,8
16.0,1,0,1,0.0,0.0,0.0,8.0,1.0,0,0,10,0.0,0,0,0,0
11.0,0,1,1,0.0,0.0,0.0,18.0,1.0,0,0,2,0.0588,0,0,0,1
12.0,1,0,0,0.0,0.0,0.0,4.0,1.0,0,0,1,0.1176,0,0,0,3
10.0,0,0,3,0.0,0.0,0.0,12.0,1.0,0,0,24,0.1765,0,0,0,4
13.0,1,0,0,0.0,0.0,14.0,6.0,1.0,0,1,2,0.2353,0,0,0,2
10.5,0,0,3,0.0,0.499,0.0,6.0,1.15,0,0,15,0.2941,0,0,0,4
11.0,1,0,0,0.0,0.0,0.0,0.0,1.0,0,0,9,0.3529,9,0,1,5
9.0,0,1,1,0.0,0.0,0.0,10.0,1.0,0,0,7,0.4118,0,0,0,7
13.0,1,0,0,0.0,0.0,14.0,6.0,1.0,0,1,2,0.4706,0,0,0,2
10.5,0,0,3,0.0,0.499,0.0,6.0,1.15,0,0,12,0.5294,0,0,0,4
10.5,0,0,0,0.801,0.0,0.0,2.0,1.0,0,1,4,0.5882,0,0,0,9
10.5,0,0,0,0.801,0.0,0.0,2.0,1.0,0,1,5,0.6471,0,0,0,9
10.5,0,0,0,0.801,0.0,0.0,2.0,1.0,0,1,5,0.7059,0,0,0,9
13.0,1,0,0,0.0,0.0,16.0,6.0,1.0,0,0,1,0.7647,0,0,0,2
9.5,0,0,3,0.499,0.0,0.0,3.0,1.0,0,1,12,0.8235,0,0,0,8
9.5,0,0,3,0.499,0.0,0.0,3.0,1.0,0,1,15,0.8824,0,0,0,8
9.5,0,0,3,0.499,0.0,0.0,3.0,1.0,0,1,13,0.9412,0,0,0,8
20.0,1,0,1,0.0,0.0,0.0,12.0,1.0,0,0,8,0.0,0,0,0,0
14.0,0,1,1,0.0,0.0,0.0,36.0,1.0,0,0,5,0.037,0,0,0,1
16.0,1,0,0,0.0,0.0,24.0,12.0,1.0,0,0,3,0.0741,0,0,0,2
13.0,1,0,0,0.0,0.0,12.0,6.0,1.0,0,1,2,0.1111,0,0,0,3
12.0,0,0,3,0.0,1.27,0.0,6.0,1.5,0,0,20,0.1481,0,0,0,4
12.0,0,0,3,0.0,1.27,0.0,6.0,1.5,0,0,19,0.1852,0,0,0,4
13.0,1,0,0,0.0,0.0,12.0,6.0,1.0,0,1,3,0.2222,0,0,0,3
12.0,0,0,3,0.0,1.27,0.0,6.0,1.5,0,0,28,0.2593,0,0,0,4
12.0,0,0,3,0.0,1.27,0.0,6.0,1.0,0,0,6,0.2963,0,0,0,4
12.0,0,0,0,1.0,0.0,0.0,2.0,1.0,0,1,4,0.3333,0,0,0,9
12.0,0,0,0,1.0,0.0,0.0,2.0,1.0,0,1,3,0.3704,0,0,0,9
12.0,0,0,0,1.0,0.0,0.0,2.0,1.0,0,1,3,0.4074,0,0,0,9
12.0,0,0,0,1.0,0.0,0.0,2.0,1.0,0,1,3,0.4444,0,0,0,9
16.0,1,0,0,0.0,0.0,24.0,12.0,1.0,0,0,3,0.4815,0,0,0,2
13.0,1,0,0,0.0,0.0,12.0,6.0,1.0,0,1,2,0.5185,0,0,0,3
12.0,0,0,3,0.0,1.27,0.0,6.0,1.5,0,0,18,0.5556,0,0,0,4
11.0,1,0,0,0.0,0.0,0.0,0.0,1.0,0,0,14,0.5926,9,0,1,5
10.0,0,1,1,0.0,0.0,0.0,12.0,1.0,0,0,10,0.6296,0,0,0,7
13.0,1,0,0,0.0,0.0,12.0,6.0,1.0,0,1,3,0.6667,0,0,0,3
12.0,0,0,3,0.0,1.27,0.0,6.0,1.5,0,0,20,0.7037,0,0,0,4
11.0,0,0,1,0.0,0.0,0.0,0.0,1.0,0,0,0,0.7407,0,1,0,6
10.0,0,1,1,0.0,0.0,0.0,12.0,1.0,0,0,8,0.7778,0,0,0,7
16.0,1,0,0,0.0,0.0,24.0,12.0,1.0,0,0,1,0.8148,0,0,0,2
11.0,0,0,3,0.6,0.0,0.0,4.0,1.0,0,1,10,0.8519,0,0,0,8
11.0,0,0,3,0.6,0.0,0.0,4.0,1.0,0,1,12,0.8889,0,0,0,8
11.0,0,0,3,0.6,0.0,0.0,4.0,1.0,0,1,14,0.9259,0,0,0,8
11.0,0,0,3,0.6,0.0,0.0,4.0,1.0,0,1,14,0.963,0,0,0,8
20.0,1,0,1,0.0,0.0,0.0,12.0,1.0,0,0,11,0.0,0,0,0,0
14.0,0,1,1,0.0,0.0,0.0,36.0,1.0,0,0,5,0.037,0,0,0,1
16.0,1,0,0,0.0,0.0,24.0,12.0,1.0,0,0,3,0.0741,0,0,0,2
13.0,1,0,0,0.0,0.0,12.0,6.0,1.0,0,1,2,0.1111,0,0,0,3
12.0,0,0,3,0.0,1.27,0.0,6.0,1.5,0,0,22,0.1481,0,0,0,4
12.0,0,0,3,0.0,1.27,0.0,6.0,1.5,0,0,21,0.1852,0,0,0,4
16.0,1,0,0,0.0,0.0,24.0,12.0,1.0,0,0,4,0.2222,0,0,0,2
13.0,1,0,0,0.0,0.0,12.0,6.0,1.0,0,1,3,0.2593,0,0,0,3
12.0,0,0,3,0.0,1.27,0.0,6.0,1.5,0,0,20,0.2963,0,0,0,4
11.0,0,0,1,0.0,0.0,0.0,0.0,1.0,0,0,0,0.3333,0,1,0,6
10.0,0,1,1,0.0,0.0,0.0,12.0,1.0,0,0,8,0.3704,0,0,0,7
13.0,1,0,0,0.0,0.0,12.0,6.0,1.0,0,1,2,0.4074,0,0,0,3
12.0,0,0,3,0.0,1.27,0.0,6.0,1.5,0,0,17,0.4444,0,0,0,4
11.0,1,0,0,0.0,0.0,0.0,0.0,1.0,0,0,14,0.4815,9,0,1,5
10.0,0,1,1,0.0,0.0,0.0,12.0,1.0,0,0,10,0.5185,0,0,0,7
13.0,1,0,0,0.0,0.0,12.0,6.0,1.0,0,1,3,0.5556,0,0,0,3
12.0,0,0,3,0.0,1.27,0.0,6.0,1.5,0,0,8,0.5926,0,0,0,4
12.0,0,0,3,0.0,1.27,0.0,6.0,1.0,0,0,6,0.6296,0,0,0,4
12.0,0,0,0,1.0,0.0,0.0,2.0,1.0,0,1,4,0.6667,0,0,0,9
12.0,0,0,0,1.0,0.0,0.0,2.0,1.0,0,1,3,0.7037,0,0,0,9
12.0,0,0,0,1.0,0.0,0.0,2.0,1.0,0,1,3,0.7407,0,0,0,9
12.0,0,0,0,1.0,0.0,0.0,2.0,1.0,0,1,3,0.7778,0,0,0,9
16.0,1,0,0,0.0,0.0,24.0,12.0,1.0,0,0,1,0.8148,0,0,0,2
11.0,0,0,3,0.6,0.0,0.0,4.0,1.0,0,1,10,0.8519,0,0,0,8
11.0,0,0,3,0.6,0.0,0.0,4.0,1.0,0,1,12,0.8889,0,0,0,8
11.0,0,0,3,0.6,0.0,0.0,4.0,1.0,0,1,14,0.9259,0,0,0,8
11.0,0,0,3,0.6,0.0,0.0,4.0,1.0,0,1,14,0.963,0,0,0,8
20.0,1,0,1,0.0,0.0,0.0,12.0,1.0,0,0,7,0.0,0,0,0,0
14.0,0,1,1,0.0,0.0,0.0,36.0,1.0,0,0,5,0.0385,0,0,0,1
16.0,1,0,0,0.0,0.0,24.0,12.0,1.0,0,0,3,0.0769,0,0,0,2
13.0,1,0,0,0.0,0.0,12.0,6.0,1.0,0,1,3,0.1154,0,0,0,3
12.0,0,0,3,0.0,1.27,0.0,6.0,1.5,0,0,22,0.1538,0,0,0,4
13.0,1,0,0,0.0,0.0,12.0,6.0,1.0,0,1,2,0.1923,0,0,0,3
12.0,0,0,3,0.0,1.27,0.0,6.0,1.5,0,0,18,0.2308,0,0,0,4
12.0,0,0,3,0.0,1.27,0.0,6.0,1.0,0,0,6,0.2692,0,0,0,4
12.0,0,0,0,1.0,0.0,0.0,2.0,1.0,0,1,4,0.3077,0,0,0,9
12.0,0,0,0,1.0,0.0,0.0,2.0,1.0,0,1,3,0.3462,0,0,0,9
12.0,0,0,0,1.0,0.0,0.0,2.0,1.0,0,1,3,0.3846,0,0,0,9
12.0,0,0,0,1.0,0.0,0.0,2.0,1.0,0,1,3,0.4231,0,0,0,9
16.0,1,0,0,0.0,0.0,24.0,12.0,1.0,0,0,3,0.4615,0,0,0,2
13.0,1,0,0,0.0,0.0,12.0,6.0,1.0,0,1,3,0.5,0,0,0,3
12.0,0,0,3,0.0,1.27,0.0,6.0,1.5,0,0,20,0.5385,0,0,0,4
11.0,0,0,1,0.0,0.0,0.0,0.0,1.0,0,0,0,0.5769,0,1,0,6
10.0,0,1,1,0.0,0.0,0.0,12.0,1.0,0,0,8,0.6154,0,0,0,7
13.0,1,0,0,0.0,0.0,12.0,6.0,1.0,0,1,2,0.6538,0,0,0,3
12.0,0,0,3,0.0,1.27,0.0,6.0,1.5,0,0,15,0.6923,0,0,0,4
11.0,1,0,0,0.0,0.0,0.0,0.0,1.0,0,0,14,0.7308,9,0,1,5
10.0,0,1,1,0.0,0.0,0.0,12.0,1.0,0,0,10,0.7692,0,0,0,7
16.0,1,0,0,0.0,0.0,24.0,12.0,1.0,0,0,1,0.8077,0,0,0,2
11.0,0,0,3,0.6,0.0,0.0,4.0,1.0,0,1,10,0.8462,0,0,0,8
11.0,0,0,3,0.6,0.0,0.0,4.0,1.0,0,1,12,0.8846,0,0,0,8
11.0,0,0,3,0.6,0.0,0.0,4.0,1.0,0,1,14,0.9231,0,0,0,8
11.0,0,0,3,0.6,0.0,0.0,4.0,1.0,0,1,14,0.9615,0,0,0,8
